NID,Title,URL,Organization,Product,Issue,"What you should do",Category,"Recall class","Last updated",Archived
82496,"Two lots of Teva-Pregabalin 150 mg capsules recalled due to cross-contamination with the drug sertraline",https://recalls-rappels.canada.ca/en/alert-recall/two-lots-teva-pregabalin-150-mg-capsules-recalled-due-cross-contamination-drug,"Communications and Public Affairs Branch","Teva-Pregabalin 150 mg capsules",Contamination,"If you experience a serious allergic reaction (anaphylaxis), stop taking the affected product and seek immediate medical help by calling 9-1-1. Otherwise, do not stop taking your pregabalin medication without first speaking with your healthcare professional or pharmacist, as stopping suddenly may cause withdrawal symptoms including insomnia, nausea, headache, anxiety, excessive sweating, diarrhea, and convulsions.Return the product to the pharmacy where it was purchased as soon as possible for a replacement or alternative supply, and for&nbsp;proper disposal. If you are unsure whether your product is recalled, check with your pharmacy.Seek medical attention if you have used this product and think you are experiencing side effects.Contact Teva Canada Customer Care by calling toll-free at 1-800-268-4129 or by email at&nbsp;customer.service@tevacanada.com, if you have questions about this recall.Report any health product-related side effects or complaints to Health Canada.",Drugs,"Type I",2026-08-15,0
82318,"Warn® wireless remote kit for truck and utility winches recalled due to failure to operate",https://recalls-rappels.canada.ca/en/alert-recall/warnr-wireless-remote-kit-truck-and-utility-winches-recalled-due-failure-operate,"Consumer product safety","Warn® wireless remote kit for truck and utility winches","Injury hazard","Consumers should immediately stop using the recalled product with non-compatible legacy model winches and contact WARN Industries, Inc. for a refund.&nbsp;WARN Industries will provide a refund for part number 90287 to customers who purchased these remote-control products for use with a winch identified on WARN's Non-Compatibility List.For more information, consumers can contact WARN Industries, Inc. by telephone at 1-800-543-9276, 7:00 a.m. to 4:00 p.m. PT, Monday to Friday by email at cs@warn.com or visit the&nbsp;company website.Please note that the Canada Consumer Product Safety Act prohibits recalled products from being redistributed, sold or even given away in Canada.Health Canada would like to remind consumers to report any health or safety incidents related to the use of this product or any other consumer product or cosmetic by filling out the&nbsp;Consumer Product Incident Report Form.This recall is also posted on the&nbsp;OECD Global Portal on Product Recalls website. You can visit this site for more information on other international consumer product recalls.","Tools and accessories",,2026-08-14,0
82482,"Madewell Double V-Neck Pullover and V-Neck Cardigan Sweaters recalled due to flammability hazard ",https://recalls-rappels.canada.ca/en/alert-recall/madewell-double-v-neck-pullover-and-v-neck-cardigan-sweaters-recalled-due-flammability,"Consumer product safety","Madewell Double V-Neck Pullover and V-Neck Cardigan Sweaters","Flammability hazard","Consumers should immediately stop wearing the recalled sweaters and contact Madewell for a refund of the original purchase price or equivalent store credit. Consumers will be asked to destroy the sweater by cutting it in half.&nbsp;Consumers must provide their name, address, telephone number, email address, affected product information, order number (if available), a photograph of the product label showing the style number and HO24 code, and a photograph of the sweater cut in half. Consumers should also indicate whether they prefer a refund of the original purchase price or equivalent store credit.For more information, consumers can contact Madewell by telephone at 1-866-544-1937, from 9 a.m. to 9 p.m. EST, Monday through Sunday, by email at&nbsp;24-7@madewell.com or on the company's website.Please note that the Canada Consumer Product Safety Act prohibits recalled products from being redistributed, sold or even given away in Canada.Health Canada would like to remind consumers to report any health or safety incidents related to the use of this product or any other consumer product or cosmetic by filling out the&nbsp;Consumer Product Incident Report Form.This recall is also posted on the&nbsp;OECD Global Portal on Product Recalls website. You can visit this site for more information on other international consumer product recalls.",Clothing,,2026-08-14,0
82486,"Orthopaedic Implant Components",https://recalls-rappels.canada.ca/en/alert-recall/orthopaedic-implant-components,"Medical devices","Orthopaedic Implant Components",Performance,,Orthopaedics,"Type II",2026-08-14,0
82487,"Mounit el Bait brand Tahina and Halva recalled due to undeclared peanut",https://recalls-rappels.canada.ca/en/alert-recall/mounit-el-bait-brand-tahina-and-halva-recalled-due-undeclared-peanut,CFIA,"Tahina, Halva Plain, Halva with Chocolate, Halva with Pistachios",Peanut,"Check to see if you have recalled productsDo not consume recalled products to which you are allergic or sensitive as they may cause a serious or life-threatening reactionDo not serve, use, sell or distribute recalled productsRecalled products should be thrown out or returned to the location where they were purchasedLearn more:Learn more about common food allergiesSign up for recall notifications by email and follow us on social mediaView our detailed explanation of the food safety investigation and recall processReport a food safety or labelling concern","Candy, confectionary, snacks and sweeteners - Nuts, grains, and seeds","Class 1",2026-08-14,0
82488,"Coaticook brand Mild Cheddar Curds - White, Frozen recalled due to Listeria monocytogenes",https://recalls-rappels.canada.ca/en/alert-recall/coaticook-brand-mild-cheddar-curds-white-frozen-recalled-due-listeria-monocytogenes,CFIA,"Mild Cheddar Curds - White, Frozen",Listeria,,Dairy,"Class 1",2026-08-14,0
82489,"Endotracheal Tube, Cuffed",https://recalls-rappels.canada.ca/en/alert-recall/endotracheal-tube-cuffed,"Medical devices","Endotracheal Tube, Cuffed","Device compatibility",,Anaesthesiology,"Type I",2026-08-14,0
82491,"Clément le Gourmand brand meat products recalled due to Listeria monocytogenes",https://recalls-rappels.canada.ca/en/alert-recall/clement-gourmand-brand-meat-products-recalled-due-listeria-monocytogenes,CFIA,"Country-Style Pâté, Duck Liver Mousse with Port, Liver Pâté with Cognac",Listeria,"If you think you became sick from consuming a recalled product, contact your healthcare providerCheck to see if you have recalled productsDo not consume, serve, use, sell, or distribute recalled productsRecalled products should be thrown out or returned to the location where they were purchasedFood contaminated with Listeria monocytogenes may not look or smell spoiled but can still make you sick. Symptoms can include vomiting, nausea, persistent fever, muscle aches, severe headache and neck stiffness. Pregnant women, the elderly and people with weakened immune systems are particularly at risk. Although infected pregnant women may experience only mild, flu-like symptoms, the infection can lead to premature delivery, infection of the newborn or even stillbirth. In severe cases of illness, people may die.Learn more:Learn more about the health risksSign up for recall notifications by email and follow us on social mediaView our detailed explanation of the food safety investigation and recall processReport a food safety or labelling concern",Processed,"Class 1",2026-08-14,0
82494,"Various Salem Foods brand jarred products recalled due to undeclared wheat, mustard and sesame",https://recalls-rappels.canada.ca/en/alert-recall/various-salem-foods-brand-jarred-products-recalled-due-undeclared-wheat-mustard-and,CFIA,"Spices, Colouring, Citric Acid and Sprinkles ","Wheat - Gluten - Mustard - Sesame seeds",,"Herbs and spices - Other","Class 2",2026-08-14,0
82446,"Taleco Gear 2-in-1 Jumper & Swing-A recalled due to fall and strangulation hazards",https://recalls-rappels.canada.ca/en/alert-recall/taleco-gear-2-1-jumper-swing-recalled-due-fall-and-strangulation-hazards,"Consumer product safety","Taleco Gear 2-in-1 Jumper & Swing-A","Fall hazard - Strangulation hazard","Consumers should immediately stop using the recalled product and go to&nbsp;talecogear.com/recall for instructions on how to register for a refund and disable the product so it cannot be used again.For more information, consumers can visit the company website at&nbsp;talecogear.com/recall or contact the company by email at&nbsp;TalecoGearRecall@163.com.Joint recall with Health Canada, the United States Consumer Product Safety Commission (US CPSC) and Taleco Gear.Please note that the Canada Consumer Product Safety Act prohibits recalled products from being redistributed, sold or even given away in Canada.Health Canada would like to remind consumers to report any health or safety incidents related to the use of this product or any other consumer product or cosmetic by filling out the&nbsp;Consumer Product Incident Report Form.This recall is also posted on the&nbsp;OECD Global Portal on Product Recalls website. You can visit this site for more information on other international consumer product recalls.","Household items",,2026-08-13,0
82474,"Baby walkers sold at ToyTexx (Richmond Hill location) recalled due to physical hazard",https://recalls-rappels.canada.ca/en/alert-recall/baby-walkers-sold-toytexx-richmond-hill-location-recalled-due-physical-hazard,"Consumer product safety","Baby walkers sold at the ToyTexx store located at 50 Fulton Way in Richmond Hill, Ontario","Physical hazard","Consumers should immediately stop using the recalled product, safely dispose of it in such a way that it cannot be used again and contact the ToyTexx store located at 50 Fulton Way in Richmond Hill, Ontario for a refund.For more information about the refund, consumers can contact ToyTexx by visiting them at the 50 Fulton Way store in Richmond Hill, Ontario, by telephone at 289-800-0372 or 437-438-6861, 10:00 a.m. to 6:00 p.m. EST, Monday to Sunday, or by email at&nbsp;toytexxrichmondhill@gmail.com.Please note that the Canada Consumer Product Safety Act prohibits recalled products from being redistributed, sold or even given away in Canada.Health Canada would like to remind consumers to report any health or safety incidents related to the use of this product or any other consumer product or cosmetic by filling out the&nbsp;Consumer Product Incident Report Form.This recall is also posted on the&nbsp;OECD Global Portal on Product Recalls website. You can visit this site for more information on other international consumer product recalls.",Other,,2026-08-13,0
82475,"​​Roller Blinds in a Cassette​ by Omni Blinds recalled due to strangulation hazard",https://recalls-rappels.canada.ca/en/alert-recall/roller-blinds-cassette-omni-blinds-recalled-due-strangulation-hazard,"Consumer product safety","Roller Blinds in a Cassette","Strangulation hazard","Consumers should immediately stop using the recalled product and contact Omni Blinds to obtain a repair kit.For more information, consumers can contact Omni Blinds by telephone at 778-708-6664, 8:30am to 5pm PT, Monday to Friday, by email at info@omniblinds.ca or visit the company website.Please note that the Canada Consumer Product Safety Act prohibits recalled products from being redistributed, sold or even given away in Canada.Health Canada would like to remind consumers to report any health or safety incidents related to the use of this product or any other consumer product or cosmetic by filling out the Consumer Product Incident Report Form.This recall is also posted on the OECD Global Portal on Product Recalls website. You can visit this site for more information on other international consumer product recalls.","Household items",,2026-08-13,0
82476,"IV Tubing Set Drip Chambers ",https://recalls-rappels.canada.ca/en/alert-recall/iv-tubing-set-drip-chambers,"Medical devices","IV Tubing Set Drip Chambers ",Performance,,"General hospital and personal use","Type II",2026-08-13,0
82480,"Certain Whole Foods Market brand guacamoles, pico de gallos, salsas, and prepared foods recalled due to Salmonella",https://recalls-rappels.canada.ca/en/alert-recall/certain-whole-foods-market-brand-guacamoles-pico-gallos-salsas-and-prepared-foods,CFIA,"Guacamoles, pico de gallos, salsas, and prepared foods",Salmonella,"If you think you became sick from consuming a recalled product, contact your healthcare providerCheck to see if you have recalled productsDo not consume, serve, use, sell, or distribute recalled productsRecalled products should be thrown out or returned to the location where they were purchasedFood contaminated with&nbsp;Salmonella may not look or smell spoiled but can still make you sick. Young children, pregnant women, the elderly and people with weakened immune systems may contract serious and sometimes deadly infections. Healthy people may experience short-term symptoms such as fever, headache, vomiting, nausea, abdominal cramps and diarrhea. Long-term complications may include severe arthritis.Learn more:Learn more about the health risksSign up for recall notifications by email and follow us on social mediaView our detailed explanation of the food safety investigation and recall processReport a food safety or labelling concern","Multiple food items","Class 2",2026-08-13,0
82481,"Zhou Hei Ya brand Wide Vermicelli with Sesame Sauce recalled due to undeclared shrimp",https://recalls-rappels.canada.ca/en/alert-recall/zhou-hei-ya-brand-wide-vermicelli-sesame-sauce-recalled-due-undeclared-shrimp,CFIA,"Wide Vermicelli with Sesame Sauce","Crustacean and shellfish","Check to see if you have recalled productsDo not consume recalled products to which you are allergic or sensitive as they may cause a serious or life-threatening reactionDo not serve, use, sell or distribute recalled productsRecalled products should be thrown out or returned to the location where they were purchasedLearn more:Learn more about common food allergiesSign up for recall notifications by email and follow us on social mediaView our detailed explanation of the food safety investigation and recall processReport a food safety or labelling concern",Other,"Class 2",2026-08-13,0
82483,"Aqua Gems brand Tempura Shrimp recalled due to undeclared egg",https://recalls-rappels.canada.ca/en/alert-recall/aqua-gems-brand-tempura-shrimp-recalled-due-undeclared-egg,CFIA,"Tempura Shrimp",Egg,,Processed,"Class 2",2026-08-13,0
82484,"Unauthorized injectable health products sold online and seized from Dyosa Beauty & Wellness Lounge in Hamilton, ON, may pose serious health risks",https://recalls-rappels.canada.ca/en/alert-recall/unauthorized-injectable-health-products-sold-online-and-seized-dyosa-beauty-wellness,"Communications and Public Affairs Branch","Various unauthorized—including counterfeit—injectable health products","Unauthorized product","Do not buy or use unauthorized health products.Consult with a licensed healthcare professional (physician, nurse practitioner, pharmacist) if you think you may have been administered these products at Dyosa Beauty &amp; Wellness Lounge, or at any other location, and have health concerns.When receiving injectable treatments, ask your healthcare professional to show you the product label and verify that the product has been authorized by Health Canada. Authorized health products have an eight-digit Drug Identification Number (DIN), Natural Product Number (NPN) or Homeopathic Drug Number (DIN-HM). You can also check whether products are authorized for sale by searching Health Canada's Drug Product Database or Licensed Natural Health Products Database.Report any health product-related side effects or complaints, including suspected counterfeits, to Health Canada. You can also contact the manufacturer directly to confirm a product's authenticity.","Drugs - Medical devices",,2026-08-13,0
82485,"Portrait Core Services Cssxb",https://recalls-rappels.canada.ca/en/alert-recall/portrait-core-services-cssxb,"Medical devices","Portrait Core Services Cssxb",Performance,,Cardiovascular,"Type II",2026-08-13,0
82426,"Portable Clip-On Rechargeable Mini Fan recalled due to fire hazard ",https://recalls-rappels.canada.ca/en/alert-recall/portable-clip-rechargeable-mini-fan-recalled-due-fire-hazard,"Consumer product safety","Portable Clip-On Rechargeable Mini Fan","Fire hazard","Consumers should immediately stop using the recalled product and return it to CTG Brands Inc. for a refund.For more information, consumers can contact CTG Brands Inc. by telephone at 1-888-781-8882, 8:30 a.m. to 5:00 p.m. EST, Monday to Friday, or visit the company website.Please note that the Canada Consumer Product Safety Act prohibits recalled products from being redistributed, sold or even given away in Canada.Health Canada would like to remind consumers to report any health or safety incidents related to the use of this product or any other consumer product or cosmetic by filling out the&nbsp;Consumer Product Incident Report Form.This recall is also posted on the&nbsp;OECD Global Portal on Product Recalls website. You can visit this site for more information on other international consumer product recalls.","Household items",,2026-08-12,0
82459,"Adequan I.M: Presence of particulate matter",https://recalls-rappels.canada.ca/en/alert-recall/adequan-im-presence-particulate-matter,"Drugs and health products","Adequan I.M","Product quality","Verify if your product is affected.Consult your healthcare provider prior to discontinuing use of the affected product, or for any health concerns.Contact the recalling firm if you have any questions about the recall.Report any health product&nbsp;related&nbsp;side effects&nbsp;to Health Canada.Report any other health product safety&nbsp;complaints&nbsp;to&nbsp;Health Canada.","Veterinary drugs","Type III",2026-08-12,0
82473,"The Greek Gods brand Greek Style Honey Yogurt and Organic Plain Yogurt recalled due to mould",https://recalls-rappels.canada.ca/en/alert-recall/greek-gods-brand-greek-style-honey-yogurt-and-organic-plain-yogurt-recalled-due-mould,CFIA,"Naturally Flavoured Honey Greek Style Yogurt and Organic Plain Greek Style Yogurt","Non harmful (quality or spoilage)",,Dairy,"Class 3",2026-08-12,0
82478,"Alfa brand croissant products recalled due to mould",https://recalls-rappels.canada.ca/en/alert-recall/alfa-brand-croissant-products-recalled-due-mould,CFIA,"Croissant products","Non harmful (quality or spoilage)",,"Grain products","Class 3",2026-08-12,0
82479,"pms-IRBESARTAN: Affected lot may contain pms-IRBESARTAN/HCTZ 150/12.5 mg tablets.",https://recalls-rappels.canada.ca/en/alert-recall/pms-irbesartan-affected-lot-may-contain-pms-irbesartanhctz-150125-mg-tablets,"Drugs and health products","pms-IRBESARTAN 150 mg Tablet",Contamination,"Verify whether your product is affected.Consult your healthcare provider prior to discontinuing use of the affected product, or if you have any health concerns.Contact the recalling firm if you have any questions about the recall.Report any health product&nbsp;related&nbsp;side effects&nbsp;to Health Canada.Report any other health product safety&nbsp;complaints&nbsp;to&nbsp;Health Canada.",Drugs,"Type II",2026-08-12,0
82277,"Omni-Tract Surgical Retractor System",https://recalls-rappels.canada.ca/en/alert-recall/omni-tract-surgical-retractor-system,"Medical devices","Omni-Tract Surgical Retractor System",Sterility,,"General and plastic surgery","Type II",2026-08-11,0
82477,"Semaglutide Injection: Incorrect Pen in Package",https://recalls-rappels.canada.ca/en/alert-recall/semaglutide-injection-incorrect-pen-package,"Drugs and health products","Semaglutide Injection",Packaging,"Verify if your product is affected.Consult your healthcare provider prior to discontinuing use of the affected product, or for any health concerns.Contact the recalling firm if you have any questions about the recall.Report any health product&nbsp;related&nbsp;side effects&nbsp;to Health Canada.Report any other health product safety&nbsp;complaints&nbsp;to&nbsp;Health Canada.",Drugs,"Type II",2026-08-11,0
82452,"Corded zebra window covering / zebra blind recalled due to strangulation hazard and choking hazards",https://recalls-rappels.canada.ca/en/alert-recall/corded-zebra-window-covering-zebra-blind-recalled-due-strangulation-hazard-and-choking,"Consumer product safety","Rideaux Rêvés Décor - Corded zebra window covering / zebra blind ","Strangulation hazard - Choking hazard","Consumers should immediately stop using the recalled product and contact Rideaux Rêvés Décor to arrange for the corrective action.For more information, consumers can contact Rideaux Rêvés Décor by telephone at 514-431-6668, Monday to Friday 9:00 am to 6:00 pm ET and Saturday 10:00 am to 6:00 pm ET, by email at&nbsp;sales@rideauxreves.com or visit the company website.Please note that the Canada Consumer Product Safety Act prohibits recalled products from being redistributed, sold or even given away in Canada.Health Canada would like to remind consumers to report any health or safety incidents related to the use of this product or any other consumer product or cosmetic by filling out the&nbsp;Consumer Product Incident Report Form.This recall is also posted on the&nbsp;OECD Global Portal on Product Recalls website. You can visit this site for more information on other international consumer product recalls.","Household items",,2026-08-10,0
82463,"PC Organics brand and Frankie's Organic brand Plant-based cheddar corn puffs and crunchies recalled due to undeclared milk",https://recalls-rappels.canada.ca/en/alert-recall/pc-organics-brand-and-frankie-s-organic-brand-plant-based-cheddar-corn-puffs-and,CFIA,"Plant-based cheddar corn puffs and crunchies",Milk,"Check to see if you have recalled productsDo not consume recalled products to which you are allergic or sensitive as they may cause a serious or life-threatening reactionDo not serve, use, sell or distribute recalled productsRecalled products should be thrown out or returned to the location where they were purchasedLearn more:Learn more about common food allergiesSign up for recall notifications by email and follow us on social mediaView our detailed explanation of the food safety investigation and recall processReport a food safety or labelling concern","Candy, confectionary, snacks and sweeteners","Class 1",2026-08-08,0
82460,"Bravo - Capsule Delivery System",https://recalls-rappels.canada.ca/en/alert-recall/bravo-capsule-delivery-system,"Medical devices","Bravo - Capsule Delivery System",Performance,,"Gastroenterology and urology","Type I",2026-08-07,0
82461,"TEVA-ECTOSONE 0.1% Cream; Affected lot may be missing lot number and expiry date",https://recalls-rappels.canada.ca/en/alert-recall/teva-ectosone-01-cream-affected-lot-may-be-missing-lot-number-and-expiry-date,"Drugs and health products","TEVA-ECTOSONE 0.1% Cream",Labelling,"Verify if your product is affected. If the lot number and expiry date are missing, your product may be affected by this recall.Consult your healthcare provider prior to discontinuing use of the affected product(s), or for any health concerns.Contact the recalling firm if you have any questions about the recall.Report any health product&nbsp;related&nbsp;side effects&nbsp;to Health Canada.Report any other health product safety&nbsp;complaints&nbsp;to&nbsp;Health Canada.",Drugs,"Type II",2026-08-07,0
82462,"Momchipz brand Veggie Chips (Broccoli Florets & Cauliflower) recalled due to undeclared gluten",https://recalls-rappels.canada.ca/en/alert-recall/momchipz-brand-veggie-chips-broccoli-florets-cauliflower-recalled-due-undeclared,CFIA,"Veggie Chips (Broccoli Florets & Cauliflower) ",Gluten,"Check to see if you have recalled productsIf you have celiac disease or other gluten-related disorders, do not consume the recalled product as it may cause a serious or life-threatening reactionDo not serve, use, sell or distribute recalled productsRecalled products should be thrown out or returned to the location where they were purchasedLearn more:Learn more about common food allergiesSign up for recall notifications by email and follow us on social mediaView our detailed explanation of the food safety investigation and recall processReport a food safety or labelling concern","Candy, confectionary, snacks and sweeteners","Class 2",2026-08-07,0
82471,"Transport Canada Recall - 2026294 - POLARIS",https://recalls-rappels.canada.ca/en/alert-recall/transport-canada-recall-2026294-polaris,TC,"Three Wheeled Vehicle recalled by POLARIS","Seats And Restraints",,"Three wheeled vehicle",,2026-08-07,0
77680,"Transport Canada Recall - 2025314 - RIVIAN",https://recalls-rappels.canada.ca/en/alert-recall/transport-canada-recall-2025314-rivian,TC,"Light Truck & Van recalled by RIVIAN","Lights And Instruments",,"Light Truck & Van - SUV",,2026-08-06,0
82408,"Apeks Scuba Regulators recalled due to risk of  inaccurate air supply causing a drowning hazard",https://recalls-rappels.canada.ca/en/alert-recall/apeks-scuba-regulators-recalled-due-risk-inaccurate-air-supply-causing-drowning-hazard,"Consumer product safety","Apeks Scuba Regulators","Drowning hazard","Consumers should immediately stop using the recalled regulators and contact an authorized HEAD Watersports retailer for a free repair.&nbsp;For more information, consumers can contact Head Watersports (Aqualung, Apeks, Mares) by telephone at 1-800-874-3236 from 9:00 a.m to 5:00 p.m. ET, Monday through Friday, email at&nbsp;recallxl4@aqualung.com or online at&nbsp; https://us.apeksdiving.com/pages/recall-information-and-technical-notice,&nbsp;https://us.aqualung.com/pages/recall-information, or&nbsp;https://www.head.com/en_US/recalls.&nbsp;&nbsp;Joint recall with Health Canada, the United States Consumer Product Safety Commission (US CPSC) and HEAD Watersports.Please note that the Canada Consumer Product Safety Act prohibits recalled products from being redistributed, sold or even given away in Canada.Health Canada would like to remind consumers to report any health or safety incidents related to the use of this product or any other consumer product or cosmetic by filling out the&nbsp;Consumer Product Incident Report Form.This recall is also posted on the&nbsp;OECD Global Portal on Product Recalls website. You can visit this site for more information on other international consumer product recalls.","Sports and fitness",,2026-08-06,0
82415,"​​DR Power PRO MAX30 30” Deck Wide Cut Walk-Behind Power Lawn Mowers​ recalled due to laceration hazard  ",https://recalls-rappels.canada.ca/en/alert-recall/dr-power-pro-max30-30-deck-wide-cut-walk-behind-power-lawn-mowers-recalled-due,"Consumer product safety","DR Power PRO MAX30 30"" Deck Wide Cut Walk-Behind Power Lawn Mower","Laceration hazard","Consumers should immediately stop using the recalled product and contact DR Power for a repair kit and instructions or schedule a free repair from an authorized dealer.&nbsp;For more information, consumers can contact&nbsp;DR Power Equipment toll-free at&nbsp;1-800-854-3502&nbsp;from 8:30 a.m. to 5 p.m. ET, Monday through Friday, email at&nbsp;recall@drpower.com, or online at&nbsp;http://www.drpower.com/recalls or&nbsp;https://www.drpower.com/&nbsp;and click on “Product Recalls” at the bottom of the page for more information.Joint recall with Health Canada, the United States Consumer Product Safety Commission (US CPSC) and Generac Power Systems Inc.Please note that the Canada Consumer Product Safety Act prohibits recalled products from being redistributed, sold or even given away in Canada.Health Canada would like to remind consumers to report any health or safety incidents related to the use of this product or any other consumer product or cosmetic by filling out the&nbsp;Consumer Product Incident Report Form.This recall is also posted on the&nbsp;OECD Global Portal on Product Recalls website. You can visit this site for more information on other international consumer product recalls.","Tools and accessories",,2026-08-06,0
82422,"Transport Canada Recall - 2026298 - POLARIS",https://recalls-rappels.canada.ca/en/alert-recall/transport-canada-recall-2026298-polaris,TC,"Three Wheeled Vehicle recalled by POLARIS",Structure,,"Three wheeled vehicle - Motorcycle",,2026-08-06,0
82428,"CCM Hybrid Visor and Replacement Visor accessory recalled due to impact hazard ",https://recalls-rappels.canada.ca/en/alert-recall/ccm-hybrid-visor-and-replacement-visor-accessory-recalled-due-impact-hazard,"Consumer product safety","Product: CCM Hybrid Visor (Style FMVHR) and Replacement Visor accessory (Style ACCHVR)","Impact hazard","Consumers should immediately stop using the recalled product and contact Sport Maska Inc. (CCM) to receive a replacement full-face protector.&nbsp;For more information, consumers can contact&nbsp;Sport Maska Inc. (CCM) by telephone at 1-800-644-1677, Monday through Friday, 8am – 6pm ET, by email at customerservice@ccmhockey.com or visit www.ccmhockey.com.Please note that the Canada Consumer Product Safety Act prohibits recalled products from being redistributed, sold or even given away in Canada.Health Canada would like to remind consumers to report any health or safety incidents related to the use of this product or any other consumer product or cosmetic by filling out the&nbsp;Consumer Product Incident Report Form.This recall is also posted on the&nbsp;OECD Global Portal on Product Recalls website. You can visit this site for more information on other international consumer product recalls.","Sports and fitness",,2026-08-06,0
82443,"Beckman Coulter AU Immunochemistry System - AU480 Analyzer",https://recalls-rappels.canada.ca/en/alert-recall/beckman-coulter-au-immunochemistry-system-au480-analyzer,"Medical devices","Beckman Coulter AU Immunochemistry System - AU480 Analyzer",Performance,,Chemistry,"Type II",2026-08-06,0
82444,"HEALON EndoCoat PRO",https://recalls-rappels.canada.ca/en/alert-recall/healon-endocoat-pro,"Medical devices","HEALON EndoCoat PRO",Performance,,Ophthalmology,"Type II",2026-08-06,0
82445,"Louisville and Featherlite brand Attic Stairways recalled due to injury hazard  ",https://recalls-rappels.canada.ca/en/alert-recall/louisville-and-featherlite-brand-attic-stairways-recalled-due-injury-hazard,"Consumer product safety","Louisville and Featherlite brand Attic Stairways with gas struts ","Injury hazard","Consumers should&nbsp;immediately stop using the recalled product and contact&nbsp;Louisville Ladder Corp. to obtain a free repair kit. Consumers with the affected units will receive a free repair kit containing two replacement ¼ inch spreader bolts, washers, and lock nuts with installation instructions.&nbsp;For more information, consumers can contact Louisville Ladder Corp. by telephone at 1-888-679-5132, from&nbsp; 8:00&nbsp;A.M. to&nbsp; 5:00 P.M. ET Monday through Friday, by email at&nbsp;LouisvilleLadders8144@sedgwick.com or at Atticstairwayrecall.expertinquiry.com or&nbsp;www.louisvilleladder.com and click on “Product Recalls” for more information.Joint recall with Health Canada, the United States Consumer Product Safety Commission (US CPSC) and Louisville Ladder Corp.Please note that the Canada Consumer Product Safety Act prohibits recalled products from being redistributed, sold or even given away in Canada.Health Canada would like to remind consumers to report any health or safety incidents related to the use of this product or any other consumer product or cosmetic by filling out the&nbsp;Consumer Product Incident Report Form.This recall is also posted on the&nbsp;OECD Global Portal on Product Recalls website. You can visit this site for more information on other international consumer product recalls.","Household items",,2026-08-06,0
82447,"Kehar brand Californian Pistachio Kernel recalled due to Salmonella",https://recalls-rappels.canada.ca/en/alert-recall/kehar-brand-californian-pistachio-kernel-recalled-due-salmonella,CFIA,"Californian Pistachio Kernel",Salmonella,"If you think you became sick from consuming a recalled product, contact your healthcare providerCheck to see if you have recalled productsDo not consume, serve, use, sell, or distribute recalled productsRecalled products should be thrown out or returned to the location where they were purchasedFood contaminated with&nbsp;Salmonella may not look or smell spoiled but can still make you sick. Young children, pregnant women, the elderly and people with weakened immune systems may contract serious and sometimes deadly infections. Healthy people may experience short-term symptoms such as fever, headache, vomiting, nausea, abdominal cramps and diarrhea. Long-term complications may include severe arthritis.Learn more:Learn more about the health risksSign up for recall notifications by email and follow us on social mediaView our detailed explanation of the food safety investigation and recall processReport a food safety or labelling concern","Nuts, grains, and seeds","Class 2",2026-08-06,0
82453,"Compliments brand Smashed 100% Chicken Burgers recalled due to undeclared egg",https://recalls-rappels.canada.ca/en/alert-recall/compliments-brand-smashed-100-chicken-burgers-recalled-due-undeclared-egg,CFIA,"Smashed 100% Chicken Burgers",Egg,,"Meat and poultry","Class 2",2026-08-06,0
82454,"One lot of New Roots Herbal Probiotic Intensity recalled due to incorrect “No Dairy” claim",https://recalls-rappels.canada.ca/en/alert-recall/one-lot-new-roots-herbal-probiotic-intensity-recalled-due-incorrect-no-dairy-claim,"Communications and Public Affairs Branch","New Roots Herbal Probiotic Intensity","Product safety","Do not use the affected product if you have a dairy allergy.Consult a health care professional if you have used this product and have health concerns.If you have questions about this recall, contact New Roots Herbal Inc. by calling toll-free at 1-800-268-9486, or by email at support@newrootsherbal.com.Report any health product-related side effects or complaints to Health Canada.","Natural health products","Type I",2026-08-06,0
82464,"Transport Canada Recall - 2026278 - BENTLEY",https://recalls-rappels.canada.ca/en/alert-recall/transport-canada-recall-2026278-bentley,TC,"Car recalled by BENTLEY",Label,,"SUV - Car",,2026-08-06,0
82465,"Transport Canada Recall - 2026290 - MASERATI",https://recalls-rappels.canada.ca/en/alert-recall/transport-canada-recall-2026290-maserati,TC,"Car recalled by MASERATI",Label,,Car,,2026-08-06,0
82466,"Transport Canada Recall - 2026368 - FORD",https://recalls-rappels.canada.ca/en/alert-recall/transport-canada-recall-2026368-ford,TC,"SUV recalled by FORD",Structure,,SUV,,2026-08-06,0
82467,"Transport Canada Recall - 2026369 - FORD",https://recalls-rappels.canada.ca/en/alert-recall/transport-canada-recall-2026369-ford,TC,"Light Truck & Van recalled by FORD","Visual System",,"Light Truck & Van",,2026-08-06,0
82468,"Transport Canada Recall - 2026372 - WINNEBAGO INDUSTRIES",https://recalls-rappels.canada.ca/en/alert-recall/transport-canada-recall-2026372-winnebago-industries,TC,"Motorhome recalled by WINNEBAGO INDUSTRIES",Electrical,,Motorhome,,2026-08-06,0
82469,"Transport Canada Recall - 2026373 - GENERAL MOTORS",https://recalls-rappels.canada.ca/en/alert-recall/transport-canada-recall-2026373-general-motors,TC,"Light Truck & Van recalled by GENERAL MOTORS","High Voltage",,"Light Truck & Van",,2026-08-06,0
82470,"Transport Canada Recall - 2026375 - HONDA",https://recalls-rappels.canada.ca/en/alert-recall/transport-canada-recall-2026375-honda,TC,"Motorcycle recalled by HONDA",Steering,,Motorcycle,,2026-08-06,0
82429,"JAMP Methotrexate 10 mg Tablets: Affected lots may contain oversized tablets.",https://recalls-rappels.canada.ca/en/alert-recall/jamp-methotrexate-10-mg-tablets-affected-lots-may-contain-oversized-tablets,"Drugs and health products","JAMP Methotrexate 10 mg Tablets ","Product quality","Verify whether your product is affected.Consult your healthcare provider prior to discontinuing use of the affected product, or if you have any health concerns.Contact the recalling firm if you have any questions about the recall.Report any health product&nbsp;related&nbsp;side effects&nbsp;to Health Canada.Report any other health product safety&nbsp;complaints&nbsp;to&nbsp;Health Canada.",Drugs,"Type II",2026-08-05,0
82437,"Flow brand Organic Flavoured Mineral Spring Water - Peach + Blueberry recalled due to mould",https://recalls-rappels.canada.ca/en/alert-recall/flow-brand-organic-flavoured-mineral-spring-water-peach-blueberry-recalled-due-mould,CFIA,"Organic Flavoured Mineral Spring Water - Peach + Blueberry ","Non harmful (quality or spoilage)",,Non-alcoholic,"Class 3",2026-08-05,0
82438,"​​RELLET Hyaluronic Acid Deep Hydrating Spray​ recalled due to missing mandatory hazard labelling​ ",https://recalls-rappels.canada.ca/en/alert-recall/rellet-hyaluronic-acid-deep-hydrating-spray-recalled-due-missing-mandatory-hazard,"Consumer product safety","RELLET Hyaluronic Acid Deep Hydrating Spray","Labelling and packaging","Consumers should immediately stop using the recalled product and contact Joyi Supply Chain Corp to receive a replacement&nbsp;with the required mandatory hazard labelling.For more information, consumers can contact Joyi Supply Chain Corp by email at&nbsp;joyisupplychain@gmail.com.Please note that, in addition to the requirements of the Cosmetic Regulations, the Food and Drugs Act prohibits the sale of cosmetics that are either made with hazardous substances, or under unsanitary conditions, to users in Canada.Health Canada would like to remind consumers to report any health or safety incidents related to the use of this product or any other consumer product or cosmetic by filling out the&nbsp;Consumer Product Incident Report Form.This recall is also posted on the&nbsp;OECD Global Portal on Product Recalls website. You can visit this site for more information on other international consumer product recalls.","Beauty and personal care",,2026-08-05,0
82440,"FilmArray® NGDS Warrior Panel",https://recalls-rappels.canada.ca/en/alert-recall/filmarrayr-ngds-warrior-panel,"Medical devices","FilmArray® NGDS Warrior Panel",Performance,,Microbiology,"Type II",2026-08-05,0
82441,"Med-RX Wound Care Kits",https://recalls-rappels.canada.ca/en/alert-recall/med-rx-wound-care-kits,"Medical devices","Med-RX Wound Care Kits",Sterility,,"General hospital and personal use","Type II",2026-08-05,0
82442,"1788 4K Camera ",https://recalls-rappels.canada.ca/en/alert-recall/1788-4k-camera,"Medical devices","1788 4K Camera ",Performance,,"General hospital and personal use - Gastroenterology and urology","Type II",2026-08-05,0
82455,"Transport Canada Recall - 2026273 - GENERAL MOTORS",https://recalls-rappels.canada.ca/en/alert-recall/transport-canada-recall-2026273-general-motors,TC,"SUV recalled by GENERAL MOTORS",Other,,SUV,,2026-08-05,0
82456,"Transport Canada Recall - 2026365 - NEWMAR",https://recalls-rappels.canada.ca/en/alert-recall/transport-canada-recall-2026365-newmar,TC,"Motorhome recalled by NEWMAR",Brakes,,Motorhome,,2026-08-05,0
82457,"Transport Canada Recall - 2026370 - GRAND DESIGN RV",https://recalls-rappels.canada.ca/en/alert-recall/transport-canada-recall-2026370-grand-design-rv,TC,"RV Trailer recalled by GRAND DESIGN RV",Electrical,,"RV Trailer",,2026-08-05,0
82458,"Transport Canada Recall - 2026374 - GENERAL MOTORS",https://recalls-rappels.canada.ca/en/alert-recall/transport-canada-recall-2026374-general-motors,TC,"Light Truck & Van recalled by GENERAL MOTORS",Wheels,,"Light Truck & Van",,2026-08-05,0
81963,"Transport Canada Recall - 2026180 - INTERNATIONAL MOTORS",https://recalls-rappels.canada.ca/en/alert-recall/transport-canada-recall-2026180-international-motors,TC,"School Bus recalled by INTERNATIONAL MOTORS","High Voltage",,"School Bus",,2026-08-04,0
82421,"Ultra Big Blue Automatic Toilet Bowl Cleaner recalled due to improper labelling and lack of child-resistant packaging",https://recalls-rappels.canada.ca/en/alert-recall/ultra-big-blue-automatic-toilet-bowl-cleaner-recalled-due-improper-labelling-and-lack,"Consumer product safety","Ultra Big Blue Automatic Toilet Bowl Cleaner","Labelling and packaging","Consumers should immediately stop using the recall product and dispose of it according to municipal hazardous waste guidelines.&nbsp;For more information, consumers can contact Advantage Maintenance Products Ltd. by telephone at 1-800-265-9957 extension 226, 8:00AM - 4:30 PM ET, Monday to Friday or by email at info@advantagemaint.com.Health Canada would like to remind consumers to report any health or safety incidents related to the use of this product or any other consumer product or cosmetic by filling out the&nbsp;Consumer Product Incident Report Form.This recall is also posted on the&nbsp;OECD Global Portal on Product Recalls website. You can visit this site for more information on other international consumer product recalls.",Chemicals,,2026-08-04,0
82427,"Needle Kit For Powered Driver",https://recalls-rappels.canada.ca/en/alert-recall/needle-kit-powered-driver,"Medical devices","Needle Kit For Powered Driver",Performance,,"General and plastic surgery","Type I",2026-08-04,0
82431,"Transport Canada Recall - 2026358 - DAIMLER TRUCK NORTH AMERICA",https://recalls-rappels.canada.ca/en/alert-recall/transport-canada-recall-2026358-daimler-truck-north-america,TC,"Truck - Med. & H.D. recalled by DAIMLER TRUCK NORTH AMERICA","Lights And Instruments",,"Truck - Med. & H.D.",,2026-08-04,0
82439,"Highline brand Organic Mini Bella Mushrooms Sliced recalled due to Listeria monocytogenes",https://recalls-rappels.canada.ca/en/alert-recall/highline-brand-organic-mini-bella-mushrooms-sliced-recalled-due-listeria-monocytogenes,CFIA,"Organic Mini Bella Mushrooms Sliced ",Listeria,"If you think you became sick from consuming a recalled product, contact your healthcare providerCheck to see if you have recalled productsDo not consume, serve, use, sell, or distribute recalled productsRecalled products should be thrown out or returned to the location where they were purchasedFood contaminated with Listeria monocytogenes may not look or smell spoiled but can still make you sick. Symptoms can include vomiting, nausea, persistent fever, muscle aches, severe headache and neck stiffness. Pregnant women, the elderly and people with weakened immune systems are particularly at risk. Although infected pregnant women may experience only mild, flu-like symptoms, the infection can lead to premature delivery, infection of the newborn or even stillbirth. In severe cases of illness, people may die.Learn more:Learn more about the health risksSign up for recall notifications by email and follow us on social mediaView our detailed explanation of the food safety investigation and recall processReport a food safety or labelling concern",Fresh,"Class 1",2026-08-04,0
82448,"Transport Canada Recall - 2026363 - ARBOC SPECIALTY VEHICLES",https://recalls-rappels.canada.ca/en/alert-recall/transport-canada-recall-2026363-arboc-specialty-vehicles,TC,"Bus recalled by ARBOC SPECIALTY VEHICLES",Suspension,,Bus,,2026-08-04,0
82449,"Transport Canada Recall - 2026366 - JAYCO",https://recalls-rappels.canada.ca/en/alert-recall/transport-canada-recall-2026366-jayco,TC,"Motorhome recalled by JAYCO",Brakes,,Motorhome,,2026-08-04,0
82450,"Transport Canada Recall - 2026367 - PACCAR",https://recalls-rappels.canada.ca/en/alert-recall/transport-canada-recall-2026367-paccar,TC,"Truck - Med. & H.D. recalled by PACCAR",Electrical,,"Truck - Med. & H.D.",,2026-08-04,0
82451,"Transport Canada Recall - 2026371 - FIAT CHRYSLER AUTOMOBILES",https://recalls-rappels.canada.ca/en/alert-recall/transport-canada-recall-2026371-fiat-chrysler-automobiles,TC,"Light Truck & Van recalled by FIAT CHRYSLER AUTOMOBILES","Seats And Restraints",,"Light Truck & Van",,2026-08-04,0
82436,"Coaticook brand White Cheddar cheeses recalled due to Listeria monocytogenes",https://recalls-rappels.canada.ca/en/alert-recall/coaticook-brand-white-cheddar-cheeses-recalled-due-listeria-monocytogenes,CFIA,"White Cheddar cheeses",Listeria,"If you think you became sick from consuming a recalled product, contact your healthcare providerCheck to see if you have recalled productsDo not consume, serve, use, sell, or distribute recalled productsRecalled products should be thrown out or returned to the location where they were purchasedFood contaminated with Listeria monocytogenes may not look or smell spoiled but can still make you sick. Symptoms can include vomiting, nausea, persistent fever, muscle aches, severe headache and neck stiffness. Pregnant women, the elderly and people with weakened immune systems are particularly at risk. Although infected pregnant women may experience only mild, flu-like symptoms, the infection can lead to premature delivery, infection of the newborn or even stillbirth. In severe cases of illness, people may die.Learn more:Learn more about the health risksSign up for recall notifications by email and follow us on social mediaView our detailed explanation of the food safety investigation and recall processReport a food safety or labelling concern",Dairy,"Class 1",2026-08-03,0
82433,"Hershey's brand Kisses - Creamy Milk Chocolate recalled due to undeclared almond",https://recalls-rappels.canada.ca/en/alert-recall/hershey-s-brand-kisses-creamy-milk-chocolate-recalled-due-undeclared-almond,CFIA,"Kisses - Creamy Milk Chocolate","Tree nut","Check to see if you have recalled productsDo not consume recalled products to which you are allergic or sensitive as they may cause a serious or life-threatening reactionDo not serve, use, sell or distribute recalled productsRecalled products should be thrown out or returned to the location where they were purchasedLearn more:Learn more about common food allergiesSign up for recall notifications by email and follow us on social mediaView our detailed explanation of the food safety investigation and recall processReport a food safety or labelling concern","Candy, confectionary, snacks and sweeteners","Class 1",2026-08-01,0
82250,"Transport Canada Recall - 2026302 - GENERAL MOTORS",https://recalls-rappels.canada.ca/en/alert-recall/transport-canada-recall-2026302-general-motors,TC,"SUV recalled by GENERAL MOTORS","Seats And Restraints",,SUV,,2026-07-31,0
82419,"Health Canada warns that TQELFSS Crystal Clear Epoxy Resin Kits previously available on Amazon.ca may pose a risk of serious illness or injury due to improper labelling.",https://recalls-rappels.canada.ca/en/alert-recall/health-canada-warns-tqelfss-crystal-clear-epoxy-resin-kits-previously-available,"Consumer product safety","TQELFSS Crystal Clear Epoxy Resin Kits (various sizes)","Chemical hazard","Consumers should immediately stop using the recalled product and dispose of it according to municipal hazardous waste guidelines.&nbsp;Regularly check the&nbsp;Healthy Canadians Recalls and Safety Alerts database&nbsp;for dangerous products and take action to remove items of concern.Health Canada would like to remind consumers to report any health or safety incidents related to the use of these products or any other consumer product or cosmetic by filling out the&nbsp;Consumer Product Incident Report Form.&nbsp;Related linksBuying consumer products onlineOnline consumer product guidesStay connected with Health Canada and receive the latest advisories and product recalls using&nbsp;social media&nbsp;tools.",Chemicals,,2026-07-31,0
82434,"Transport Canada Recall - 2026359 - FOREST RIVER",https://recalls-rappels.canada.ca/en/alert-recall/transport-canada-recall-2026359-forest-river,TC,"RV Trailer recalled by FOREST RIVER",Label,,"RV Trailer",,2026-07-31,0
82435,"Transport Canada Recall - 2026361 - BMW",https://recalls-rappels.canada.ca/en/alert-recall/transport-canada-recall-2026361-bmw,TC,"Motorcycle recalled by BMW",Electrical,,Motorcycle,,2026-07-31,0
82170,"Transport Canada Recall - 2026246 - GENERAL MOTORS",https://recalls-rappels.canada.ca/en/alert-recall/transport-canada-recall-2026246-general-motors,TC,"Car recalled by GENERAL MOTORS",Airbag,,"Car - SUV",,2026-07-30,0
82291,"​​BenQ GV31 Portable Projector​ recalled due to burn and fire hazard  ",https://recalls-rappels.canada.ca/en/alert-recall/benq-gv31-portable-projector-recalled-due-burn-and-fire-hazard,"Consumer product safety","BenQ GV31 Portable Projector","Burn hazard - Fire hazard","Consumers should immediately stop using the recalled product and return it to BenQ for a repair or replacement.​​For more information, consumers can contact ​BenQ​ by telephone toll-free at 1-866-600-2367, from 8:30 am to 5:30 pm CST, Monday through Friday or visit the company website https://www.benq.com/en-ca/support/gv31recall.html for more information.Joint recall with Health Canada, the United States Consumer Product Safety Commission (US CPSC) and BenQ America.Please note that the Canada Consumer Product Safety Act prohibits recalled products from being redistributed, sold or even given away in Canada.Health Canada would like to remind consumers to report any health or safety incidents related to the use of this product or any other consumer product or cosmetic by filling out the Consumer Product Incident Report Form.This recall is also posted on the OECD Global Portal on Product Recalls website. You can visit this site for more information on other international consumer product recalls.",Appliances,,2026-07-30,0
82416,"Femyso: Affected lot may contain two green Mifepristone cartons or two pink Misoprostol cartons instead of one of each.",https://recalls-rappels.canada.ca/en/alert-recall/femyso-affected-lot-may-contain-two-green-mifepristone-cartons-or-two-pink-misoprostol,"Drugs and health products","Femyso Mifepristone 200mg / Misoprostol 200 mcg tablet",Packaging,"Verify whether your product is affected.Consult your healthcare provider prior to discontinuing use of the affected product, or if you have any health concerns.Contact the recalling firm if you have any questions about the recall.Report any health product&nbsp;related&nbsp;side effects&nbsp;to Health Canada.Report any other health product safety&nbsp;complaints&nbsp;to&nbsp;Health Canada.",Drugs,"Type II",2026-07-30,0
82418,"Pharmasave Regular Strength Dairy Digestive Supplement Lactase Enzyme: Affected lot is labelled with the incorrect Natural Product Number (NPN) on the carton. ",https://recalls-rappels.canada.ca/en/alert-recall/pharmasave-regular-strength-dairy-digestive-supplement-lactase-enzyme-affected-lot,"Drugs and health products","Pharmasave Regular Strength Dairy Digestive Supplement Lactase Enzyme",Labelling,"Verify whether your product is affected.Consult your healthcare provider prior to&nbsp;discontinuing&nbsp;use of the affected product,&nbsp;or&nbsp;for any health concerns.Contact the recalling firm if you have any questions about the recall.Report any health product&nbsp;related&nbsp;side effects&nbsp;to Health Canada.Report any other health product safety&nbsp;complaints&nbsp;to&nbsp;Health Canada.","Natural health products",,2026-07-30,0
82430,"Transport Canada Recall - 2026356 - FORD",https://recalls-rappels.canada.ca/en/alert-recall/transport-canada-recall-2026356-ford,TC,"SUV recalled by FORD",Electrical,,SUV,,2026-07-30,0
82432,"Transport Canada Recall - 2026364 - MERCEDES-BENZ",https://recalls-rappels.canada.ca/en/alert-recall/transport-canada-recall-2026364-mercedes-benz,TC,"SUV recalled by MERCEDES-BENZ",Structure,,"Car - SUV",,2026-07-30,0
81688,"Transport Canada Recall - 2026070 - FORD",https://recalls-rappels.canada.ca/en/alert-recall/transport-canada-recall-2026070-ford,TC,"SUV recalled by FORD","High Voltage",,SUV,,2026-07-29,0
82347,"Transport Canada Recall - 2026318 - FORD",https://recalls-rappels.canada.ca/en/alert-recall/transport-canada-recall-2026318-ford,TC,"SUV recalled by FORD",Other,,SUV,,2026-07-29,0
82414,"Azurion Systems",https://recalls-rappels.canada.ca/en/alert-recall/azurion-systems-0,"Medical devices","Azurion Systems",Performance,,Radiology,"Type II",2026-07-29,0
82417,"Divya brand Cumin Powder recalled due to presence of sand",https://recalls-rappels.canada.ca/en/alert-recall/divya-brand-cumin-powder-recalled-due-presence-sand,CFIA,"Cumin Powder","Extraneous Material",,"Herbs and spices","Class 3",2026-07-29,0
82423,"Transport Canada Recall - 2026301 - PORSCHE",https://recalls-rappels.canada.ca/en/alert-recall/transport-canada-recall-2026301-porsche,TC,"SUV recalled by PORSCHE",Other,,"SUV - Car",,2026-07-29,0
82424,"Transport Canada Recall - 2026354 - GOODBABY",https://recalls-rappels.canada.ca/en/alert-recall/transport-canada-recall-2026354-goodbaby,TC,"Child Car Seat recalled by GOODBABY","Seats And Restraints",,"Child Car Seat",,2026-07-29,0
82425,"Transport Canada Recall - 2026355 - TEREX",https://recalls-rappels.canada.ca/en/alert-recall/transport-canada-recall-2026355-terex,TC,"Equipment recalled by TEREX",Accessories,,Equipment,,2026-07-29,0
75806,"Signa MR Systems",https://recalls-rappels.canada.ca/en/alert-recall/signa-mr-systems,"Medical devices","Signa MR Systems",Performance,,Radiology,"Type II",2026-07-28,0
81869,"Rexall and Pro-Line chemical products recalled due to lack of child-resistant packaging",https://recalls-rappels.canada.ca/en/alert-recall/rexall-and-pro-line-chemical-products-recalled-due-lack-child-resistant-packaging,"Consumer product safety","Rexall Methyl Hydrate / Methanol, Pro-Line Methyl Hydrate, Pro-Line Lacquer Thinner,  Pro-Line Paint Thinner, Pro-Line Xylene, and Pro-Line Acetone","Labelling and packaging","Consumers should&nbsp;immediately&nbsp;stop using&nbsp;the recalled&nbsp;products&nbsp;and&nbsp;return them to the retail location where they were&nbsp;purchased&nbsp;for replacement.&nbsp;For more information, consumers can contact&nbsp;Rexall Solutions&nbsp;by telephone&nbsp;at&nbsp;1-877 505-2425 extension 207, between 9 a.m. to 3 p.m. EST, Monday through Friday&nbsp;or&nbsp;by email at&nbsp;diana@rexallsolutions.com.Please note that the&nbsp;Canada Consumer Product Safety Act&nbsp;prohibits recalled products from being redistributed,&nbsp;sold&nbsp;or even given away in Canada.Health Canada would like to remind consumers to report any health or safety incidents related to the use of this product or any other consumer product or cosmetic by filling out the&nbsp;Consumer Product Incident Report Form.This recall is also posted on the&nbsp;OECD Global Portal on Product Recalls website.&nbsp;You can visit this site for more information on other international consumer product recalls.",Chemicals,,2026-07-28,0
82204,"Transport Canada Recall - 2026271 - FIAT CHRYSLER AUTOMOBILES",https://recalls-rappels.canada.ca/en/alert-recall/transport-canada-recall-2026271-fiat-chrysler-automobiles,TC,"SUV recalled by FIAT CHRYSLER AUTOMOBILES",Steering,,SUV,,2026-07-28,0
82389,"Transport Canada Recall - 2026344 - NISSAN",https://recalls-rappels.canada.ca/en/alert-recall/transport-canada-recall-2026344-nissan,TC,"SUV recalled by NISSAN",Label,,SUV,,2026-07-28,0
82404,"Oxygen 100%: Gas cylinders containing commercial grade oxygen",https://recalls-rappels.canada.ca/en/alert-recall/oxygen-100-gas-cylinders-containing-commercial-grade-oxygen,"Drugs and health products","OXYGEN 100%","Product quality","Consult your healthcare provider for any health concerns.Contact the recalling firm if you have any questions about the recall.Report any health product&nbsp;related&nbsp;side effects&nbsp;to Health Canada.Report any other health product safety&nbsp;complaints&nbsp;to&nbsp;Health Canada.",Drugs,"Type III",2026-07-28,0
82411,"Our Finest brand Shrimp Ring with Mild Cocktail Sauce recalled due to 3-amino-2-oxazolidinone",https://recalls-rappels.canada.ca/en/alert-recall/our-finest-brand-shrimp-ring-mild-cocktail-sauce-recalled-due-3-amino-2-oxazolidinone,CFIA,"Shrimp Ring with Mild Cocktail Sauce",Contamination,,Frozen,"Class 3",2026-07-28,0
82412,"IQecg® Digital ECG",https://recalls-rappels.canada.ca/en/alert-recall/iqecgr-digital-ecg,"Medical devices","IQecg® Digital ECG",Performance,,Cardiovascular,"Type II",2026-07-28,0
82413,"Blanketrol® II 115V and Blanketrol® III 115V",https://recalls-rappels.canada.ca/en/alert-recall/blanketrolr-ii-115v-and-blanketrolr-iii-115v,"Medical devices","Blanketrol® II 115V and Blanketrol® III 115V",Performance,,"General hospital and personal use - Cardiovascular","Type II",2026-07-28,0
82420,"Transport Canada Recall - 2026357 - VOLKSWAGEN",https://recalls-rappels.canada.ca/en/alert-recall/transport-canada-recall-2026357-volkswagen,TC,"SUV recalled by VOLKSWAGEN","Visual System",,SUV,,2026-07-28,0
76910,"Patient Tables of Philips Allura and Azurion systems",https://recalls-rappels.canada.ca/en/alert-recall/patient-tables-philips-allura-and-azurion-systems,"Medical devices","Patient Tables of Philips Allura and Azurion systems",Performance,,Radiology,"Type II",2026-07-27,0
82359,"Harmonic Arts Holy Basil Tincture; Out of Specification (total aerobic microbial count)",https://recalls-rappels.canada.ca/en/alert-recall/harmonic-arts-holy-basil-tincture-out-specification-total-aerobic-microbial-count,"Drugs and health products","Holy Basil Tincture","Product quality","Verify if your product is affected.Consult your healthcare provider prior to discontinuing use of the affected product(s), or for any health concerns.Contact the recalling firm if you have any questions about the recall.Report any health product related&nbsp;side effects&nbsp;to Health Canada.Report any other health product safety&nbsp;complaints to Health Canada.","Natural health products","Type III",2026-07-27,0
82407,"Fromagerie P. Jacquin & Fils brand Valençay AOP ""fromage de chèvre au lait cru"" recalled due to generic E. coli",https://recalls-rappels.canada.ca/en/alert-recall/fromagerie-p-jacquin-fils-brand-valencay-aop-fromage-chevre-au-lait-cru-recalled-due,CFIA,"Valençay AOP ""fromage de chèvre au lait cru""","E. Coli - non-pathogenic",,Dairy,"Class 3",2026-07-27,0
82409,"Sphere-9™ Catheter",https://recalls-rappels.canada.ca/en/alert-recall/sphere-9tm-catheter,"Medical devices","Sphere-9™ Catheter",Performance,,Cardiovascular,"Type I",2026-07-27,0
82410,"Spacelabs Healthcare Xhibit® Central Station",https://recalls-rappels.canada.ca/en/alert-recall/spacelabs-healthcare-xhibitr-central-station,"Medical devices","Spacelabs Healthcare Xhibit® Central Station",Performance,,Cardiovascular,"Type II",2026-07-27,0
82381,"Izem Energy brand energy drinks recalled due to labelling issues ",https://recalls-rappels.canada.ca/en/alert-recall/izem-energy-brand-energy-drinks-recalled-due-labelling-issues,CFIA,"Energy drinks","Labelling and packaging",,Non-alcoholic,"Class 2",2026-07-24,0
82405,"Cadbury brand Dairy Milk Oreo Candy (bar) recalled due to undeclared pistachio",https://recalls-rappels.canada.ca/en/alert-recall/cadbury-brand-dairy-milk-oreo-candy-bar-recalled-due-undeclared-pistachio,CFIA,"Dairy Milk Oreo Candy (bar)","Tree nut","Check to see if you have recalled productsDo not consume recalled products to which you are allergic or sensitive as they may cause a serious or life-threatening reactionDo not serve, use, sell or distribute recalled productsRecalled products should be thrown out or returned to the location where they were purchasedLearn more:Learn more about common food allergiesSign up for recall notifications by email and follow us on social mediaView our detailed explanation of the food safety investigation and recall processReport a food safety or labelling concern","Candy, confectionary, snacks and sweeteners","Class 1",2026-07-24,0
82380,"HeartSine® Samaritan® PAD SAM 350P/SAM 360P/SAM 500P - Membrane Tail",https://recalls-rappels.canada.ca/en/alert-recall/heartsiner-samaritanr-pad-sam-350psam-360psam-500p-membrane-tail,"Medical devices","HeartSine® Samaritan® PAD SAM 350P/SAM 360P/SAM 500P Defibrillator - Membrane Tail",Performance,,Cardiovascular,"Type II",2026-07-23,0
82391,"Briine brand Pacific Tide Sparkling Spring Water recalled due to bulging cans",https://recalls-rappels.canada.ca/en/alert-recall/briine-brand-pacific-tide-sparkling-spring-water-recalled-due-bulging-cans,CFIA,"Pacific Tide Sparkling Spring Water","Non harmful (quality or spoilage)",,Non-alcoholic,"Class 3",2026-07-23,0
82392,"Izem Energy brand energy drinks recalled due to labelling issues",https://recalls-rappels.canada.ca/en/alert-recall/izem-energy-brand-energy-drinks-recalled-due-labelling-issues-0,CFIA,"Energy drinks","Labelling and packaging",,Non-alcoholic,"Class 2",2026-07-23,0
82395,"OverStitch™ Suture Cinch and Suture Cinch–Long",https://recalls-rappels.canada.ca/en/alert-recall/overstitchtm-suture-cinch-and-suture-cinch-long,"Medical devices","OverStitch™ Suture Cinch and Suture Cinch–Long",Performance,,"General and plastic surgery","Type II",2026-07-23,0
82396,"Westside Sauce brand Peanut Thai recalled due to spoilage",https://recalls-rappels.canada.ca/en/alert-recall/westside-sauce-brand-peanut-thai-recalled-due-spoilage,CFIA,"Peanut Thai","Non harmful (quality or spoilage)",,Condiments,"Class 3",2026-07-23,0
82406,"Transport Canada Recall - 2026360 - FOREST RIVER",https://recalls-rappels.canada.ca/en/alert-recall/transport-canada-recall-2026360-forest-river,TC,"RV Trailer recalled by FOREST RIVER",Electrical,,"RV Trailer",,2026-07-23,0
78006,"Transport Canada Recall - 2025428 - INTERNATIONAL MOTORS",https://recalls-rappels.canada.ca/en/alert-recall/transport-canada-recall-2025428-international-motors,TC,"Truck - Med. & H.D. recalled by INTERNATIONAL MOTORS",Electrical,,"Truck - Med. & H.D.",,2026-07-22,0
78434,"Transport Canada Recall - 2025588 - FORD",https://recalls-rappels.canada.ca/en/alert-recall/transport-canada-recall-2025588-ford,TC,"SUV recalled by FORD",Structure,,SUV,,2026-07-22,0
82374,"​​Shades and Alternating Blinds with a chain and cord-shield from Prime Custom Blinds​ recalled due to strangulation hazard",https://recalls-rappels.canada.ca/en/alert-recall/shades-and-alternating-blinds-chain-and-cord-shield-prime-custom-blinds-recalled-due,"Consumer product safety","Shades and alternating blinds","Strangulation hazard","Consumers should immediately stop using the recalled products and contact the company to obtain a repair kit.For more information, consumers can contact Prime Custom Blinds by telephone at 514-552-1026, Monday to Friday, from 9 am to 5 pm, ET, by email at info@pcblinds.com or visit the company website.&nbsp;&nbsp;Please note that the Canada Consumer Product Safety Act prohibits recalled products from being redistributed, sold or even given away in Canada.Health Canada would like to remind consumers to report any health or safety incidents related to the use of this product or any other consumer product or cosmetic by filling out the Consumer Product Incident Report Form.This recall is also posted on the OECD Global Portal on Product Recalls website. You can visit this site for more information on other international consumer product recalls.","Household items",,2026-07-22,0
82376,"M & B SALT REMOVER recalled due to risk of potential rupture hazard ",https://recalls-rappels.canada.ca/en/alert-recall/m-b-salt-remover-recalled-due-risk-potential-rupture-hazard,"Consumer product safety","M & B SALT REMOVER","Labelling and packaging","Consumers should immediately stop using the recalled product and dispose of it according to municipal hazardous waste guidelines.&nbsp;For more information, consumers can contact Moneysworth &amp; Best Inc. (M&amp;B) by telephone at 905-790-0650, business hours: 7:30 AM - 4:00 PM EST, Monday to Friday, by email at info@MandB.ca or visit the company website www.mandb.ca&nbsp;&nbsp;&nbsp;Please note that the Canada Consumer Product Safety Act prohibits recalled products from being redistributed, sold or even given away in Canada.Health Canada would like to remind consumers to report any health or safety incidents related to the use of this product or any other consumer product or cosmetic by filling out the&nbsp;Consumer Product Incident Report Form.This recall is also posted on the&nbsp;OECD Global Portal on Product Recalls website. You can visit this site for more information on other international consumer product recalls.",Chemicals,,2026-07-22,0
82378,"DCA Vantage® HbA1c (DX Claim)",https://recalls-rappels.canada.ca/en/alert-recall/dca-vantager-hba1c-dx-claim,"Medical devices","DCA Vantage® HbA1c (DX Claim)",Performance,,Haematology,"Type II",2026-07-22,0
82379,"HeartSine® Samaritan® PAD SAM 350P/SAM 360P/SAM 500P",https://recalls-rappels.canada.ca/en/alert-recall/heartsiner-samaritanr-pad-sam-350psam-360psam-500p,"Medical devices","HeartSine® Samaritan® PAD SAM 350P/SAM 360P/SAM 500P","Labelling and packaging",,Cardiovascular,"Type II",2026-07-22,0
82393,"10392804 Canada Inc. d.b.a Sweet Vengeance recalls certain edible cannabis products due to undeclared milk and hazelnut, and labelling issues",https://recalls-rappels.canada.ca/en/alert-recall/10392804-canada-inc-dba-sweet-vengeance-recalls-certain-edible-cannabis-products-due,"Controlled substances and cannabis","Certain Social Sessions edible cannabis products","Undeclared food allergen - Labelling and packaging - Suspected quality concern","Stop using the products if they are part of the recallReturn the products to the store where you bought them or dispose of them. Dispose of any products that you have opened safely and out of the reach of children and youth.Report any health or safety complaints you have about these or other cannabis products by filling out the Cannabis Reporting Form online.",Cannabis,,2026-07-22,0
82397,"Transport Canada Recall - 2026346 - FIAT CHRYSLER AUTOMOBILES",https://recalls-rappels.canada.ca/en/alert-recall/transport-canada-recall-2026346-fiat-chrysler-automobiles,TC,"SUV recalled by FIAT CHRYSLER AUTOMOBILES",Wheels,,SUV,,2026-07-22,0
82398,"Transport Canada Recall - 2026348 - INTERNATIONAL MOTORS",https://recalls-rappels.canada.ca/en/alert-recall/transport-canada-recall-2026348-international-motors,TC,"Truck - Med. & H.D. recalled by INTERNATIONAL MOTORS",Electrical,,"Truck - Med. & H.D.",,2026-07-22,0
82399,"Transport Canada Recall - 2026349 - INTERNATIONAL MOTORS",https://recalls-rappels.canada.ca/en/alert-recall/transport-canada-recall-2026349-international-motors,TC,"School Bus recalled by INTERNATIONAL MOTORS",Structure,,"School Bus",,2026-07-22,0
82400,"Transport Canada Recall - 2026350 - INTERNATIONAL MOTORS",https://recalls-rappels.canada.ca/en/alert-recall/transport-canada-recall-2026350-international-motors,TC,"Bus recalled by INTERNATIONAL MOTORS",Structure,,Bus,,2026-07-22,0
82401,"Transport Canada Recall - 2026351 - BLUE BIRD",https://recalls-rappels.canada.ca/en/alert-recall/transport-canada-recall-2026351-blue-bird,TC,"School Bus recalled by BLUE BIRD",Brakes,,"School Bus",,2026-07-22,0
82402,"Transport Canada Recall - 2026352 - BLUE BIRD",https://recalls-rappels.canada.ca/en/alert-recall/transport-canada-recall-2026352-blue-bird,TC,"Bus recalled by BLUE BIRD",Brakes,,Bus,,2026-07-22,0
82403,"Transport Canada Recall - 2026353 - KAWASAKI",https://recalls-rappels.canada.ca/en/alert-recall/transport-canada-recall-2026353-kawasaki,TC,"Motorcycle recalled by KAWASAKI","Lights And Instruments",,Motorcycle,,2026-07-22,0
82302,"Mequ A/S ºM Warmer Leakage",https://recalls-rappels.canada.ca/en/alert-recall/mequ-om-warmer-leakage,"Medical devices","ºM Warmer",Performance,,Haematology,"Type II",2026-07-21,0
82369,"Michley brand Children’s Pajamas recalled due to flammability hazard",https://recalls-rappels.canada.ca/en/alert-recall/michley-brand-children-s-pajamas-recalled-due-flammability-hazard,"Consumer product safety","Michley-branded children’s pajamas","Flammability hazard","Consumers should immediately stop using the recalled product, safely dispose of it in such a way that it cannot be used again and contact SHEIN Distribution Canada Limited for a refund.For more information, consumers can contact SHEIN Distribution Canada Limited at 1-888-971-5568 toll-free Monday through Friday, from 9:00 AM to 6:00 PM PT, by email at&nbsp;cacsteam@shein.com or visit the company website.Please note that the Canada Consumer Product Safety Act prohibits recalled products from being redistributed, sold or even given away in Canada.Health Canada would like to remind consumers to report any health or safety incidents related to the use of this product or any other consumer product or cosmetic by filling out the&nbsp;Consumer Product Incident Report Form.This recall is also posted on the&nbsp;OECD Global Portal on Product Recalls website. You can visit this site for more information on other international consumer product recalls.",Clothing,,2026-07-21,0
82370,"RAINS Stainless Steel Tumbler recalled due to burn hazard",https://recalls-rappels.canada.ca/en/alert-recall/rains-stainless-steel-tumbler-recalled-due-burn-hazard,"Consumer product safety","RAINS Stainless Steel Tumbler 450 mL","Burn hazard","Consumers should immediately stop using the recalled product and email RAINS ApS for a refund.&nbsp;For more information, consumers can contact&nbsp;RAINS ApS by telephone at (201) 956-1464, Monday to Friday from 8:00 a.m. to 4:00 p.m. EST or by email at&nbsp;Mail@rains.com.Please note that the Canada Consumer Product Safety Act prohibits recalled products from being redistributed, sold or even given away in Canada.Health Canada would like to remind consumers to report any health or safety incidents related to the use of this product or any other consumer product or cosmetic by filling out the&nbsp;Consumer Product Incident Report Form.This recall is also posted on the&nbsp;OECD Global Portal on Product Recalls website. You can visit this site for more information on other international consumer product recalls.","Kitchenware and tableware",,2026-07-21,0
82375,"Shimadzu X-ray High Voltage Generators",https://recalls-rappels.canada.ca/en/alert-recall/shimadzu-x-ray-high-voltage-generators,"Medical devices","Shimadzu X-ray High Voltage Generators",Performance,,Radiology,"Type II",2026-07-21,0
82377,"Cardinal Health - Presource® Kits Containing the Ritmed® Neurological Sponges",https://recalls-rappels.canada.ca/en/alert-recall/cardinal-health-presourcer-kits-containing-ritmedr-neurological-sponges,"Medical devices","Cardinal Health - Presource® Kits Containing the Ritmed® Neurological Sponges",Sterility,,"General hospital and personal use - General and plastic surgery - Orthopaedics","Type II",2026-07-21,0
82394,"Transport Canada Recall - 2026347 - FIAT CHRYSLER AUTOMOBILES",https://recalls-rappels.canada.ca/en/alert-recall/transport-canada-recall-2026347-fiat-chrysler-automobiles,TC,"Light Truck & Van recalled by FIAT CHRYSLER AUTOMOBILES","Visual System",,"Light Truck & Van",,2026-07-21,0
77750,"Philips Achieva and Ingenia Systems",https://recalls-rappels.canada.ca/en/alert-recall/philips-achieva-and-ingenia-systems,"Medical devices","Philips Achieva and Ingenia Systems",Performance,,Radiology,"Type II",2026-07-20,0
82367,"ATTITUDE Bathroom Cleaner Disinfectant: Affected lot may be missing expiry date",https://recalls-rappels.canada.ca/en/alert-recall/attitude-bathroom-cleaner-disinfectant-affected-lot-may-be-missing-expiry-date,"Drugs and health products","ATTITUDE Bathroom Cleaner Disinfectant",Labelling,"Discontinue use if you have the affected product.Contact the recalling firm if you have any questions about the recall.Report any health product safety&nbsp;complaints&nbsp;to&nbsp;Health Canada.Report any health product&nbsp;related&nbsp;side effects&nbsp;to Health Canada.",Drugs,"Type III",2026-07-20,0
82368,"Goodfood brand meatball meals recalled due to undeclared egg and sesame",https://recalls-rappels.canada.ca/en/alert-recall/goodfood-brand-meatball-meals-recalled-due-undeclared-egg-and-sesame,CFIA,"Meatball meals","Egg - Sesame seeds",,"Multiple food items","Class 2",2026-07-20,0
82382,"Transport Canada Recall - 2026326 - HONDA",https://recalls-rappels.canada.ca/en/alert-recall/transport-canada-recall-2026326-honda,TC,"Minivan recalled by HONDA","Visual System",,Minivan,,2026-07-20,0
82383,"Transport Canada Recall - 2026338 - FORD",https://recalls-rappels.canada.ca/en/alert-recall/transport-canada-recall-2026338-ford,TC,"Car recalled by FORD","Fuel System",,Car,,2026-07-20,0
82384,"Transport Canada Recall - 2026339 - FORD",https://recalls-rappels.canada.ca/en/alert-recall/transport-canada-recall-2026339-ford,TC,"SUV recalled by FORD","Seats And Restraints",,SUV,,2026-07-20,0
82385,"Transport Canada Recall - 2026340 - FORD",https://recalls-rappels.canada.ca/en/alert-recall/transport-canada-recall-2026340-ford,TC,"SUV recalled by FORD","Seats And Restraints",,SUV,,2026-07-20,0
82386,"Transport Canada Recall - 2026341 - FORD",https://recalls-rappels.canada.ca/en/alert-recall/transport-canada-recall-2026341-ford,TC,"SUV recalled by FORD",Structure,,SUV,,2026-07-20,0
82387,"Transport Canada Recall - 2026342 - FORD",https://recalls-rappels.canada.ca/en/alert-recall/transport-canada-recall-2026342-ford,TC,"Light Truck & Van recalled by FORD","Lights And Instruments",,"Light Truck & Van",,2026-07-20,0
82388,"Transport Canada Recall - 2026343 - EMERGENCY ONE",https://recalls-rappels.canada.ca/en/alert-recall/transport-canada-recall-2026343-emergency-one,TC,"Truck - Med. & H.D. recalled by EMERGENCY ONE",Powertrain,,"Truck - Med. & H.D.",,2026-07-20,0
82390,"Transport Canada Recall - 2026345 - LAND ROVER",https://recalls-rappels.canada.ca/en/alert-recall/transport-canada-recall-2026345-land-rover,TC,"SUV recalled by LAND ROVER","Visual System",,SUV,,2026-07-20,0
82334,"Mounit el Bait brand Tahina recalled due to undeclared peanut",https://recalls-rappels.canada.ca/en/alert-recall/mounit-el-bait-brand-tahina-recalled-due-undeclared-peanut,CFIA,Tahina,Peanut,"Check to see if you have recalled productsDo not consume recalled products to which you are allergic or sensitive as they may cause a serious or life-threatening reactionDo not serve, use, sell or distribute recalled productsRecalled products should be thrown out or returned to the location where they were purchasedLearn more:Learn more about common food allergiesSign up for recall notifications by email and follow us on social mediaView our detailed explanation of the food safety investigation and recall processReport a food safety or labelling concern",Condiments,"Class 1",2026-07-17,0
82350,"4K UHD LCD Monitor",https://recalls-rappels.canada.ca/en/alert-recall/4k-uhd-lcd-monitor,"Medical devices","4K UHD LCD Monitor",Performance,,"General hospital and personal use","Type II",2026-07-17,0
82351,"Merge PACS",https://recalls-rappels.canada.ca/en/alert-recall/merge-pacs-3,"Medical devices","Merge PACS",Performance,,Radiology,"Type II",2026-07-17,0
82352,"ER-Spec Single-Use Vaginal Speculum with LED Light Source",https://recalls-rappels.canada.ca/en/alert-recall/er-spec-single-use-vaginal-speculum-led-light-source,"Medical devices","ER-Spec Single-Use Vaginal Speculum with LED Light Source",Performance,,"Obstetrics and gynaecology","Type II",2026-07-17,0
82353,"Atellica® CH Urine Albumin (UAlb)",https://recalls-rappels.canada.ca/en/alert-recall/atellicar-ch-urine-albumin-ualb,"Medical devices","Atellica® CH Urine Albumin (UAlb)",Performance,,Chemistry,"Type II",2026-07-17,0
82354,"Various brands of  meat products recalled due to Listeria monocytogenes",https://recalls-rappels.canada.ca/en/alert-recall/various-brands-meat-products-recalled-due-listeria-monocytogenes,CFIA,"Meat products",Listeria,"If you think you became sick from consuming a recalled product, contact your healthcare providerCheck to see if you have recalled productsDo not consume, serve, use, sell, or distribute recalled productsRecalled products should be thrown out or returned to the location where they were purchasedFood contaminated with Listeria monocytogenes may not look or smell spoiled but can still make you sick. Symptoms can include vomiting, nausea, persistent fever, muscle aches, severe headache and neck stiffness. Pregnant women, the elderly and people with weakened immune systems are particularly at risk. Although infected pregnant women may experience only mild, flu-like symptoms, the infection can lead to premature delivery, infection of the newborn or even stillbirth. In severe cases of illness, people may die.Learn more:Learn more about the health risksSign up for recall notifications by email and follow us on social mediaView our detailed explanation of the food safety investigation and recall processReport a food safety or labelling concern",Processed,"Class 1",2026-07-17,0
82372,"Transport Canada Recall - 2026325 - HONDA",https://recalls-rappels.canada.ca/en/alert-recall/transport-canada-recall-2026325-honda,TC,"SUV recalled by HONDA",Structure,,SUV,,2026-07-17,0
82373,"Transport Canada Recall - 2026328 - FORD",https://recalls-rappels.canada.ca/en/alert-recall/transport-canada-recall-2026328-ford,TC,"SUV recalled by FORD",Structure,,SUV,,2026-07-17,0
81988,"Ola-Ola brand Authentic Pounded Yam (Iyan) IYANINSTANT recalled due to undeclared milk",https://recalls-rappels.canada.ca/en/alert-recall/ola-ola-brand-authentic-pounded-yam-iyan-iyaninstant-recalled-due-undeclared-milk,CFIA,"Authentic Pounded Yam (Iyan) IYANINSTANT",Milk,"Check to see if you have recalled productsDo not consume recalled products to which you are allergic or sensitive as they may cause a serious or life-threatening reactionDo not serve, use, sell or distribute recalled productsRecalled products should be thrown out or returned to the location where they were purchasedLearn more:Learn more about common food allergiesSign up for recall notifications by email and follow us on social mediaView our detailed explanation of the food safety investigation and recall processReport a food safety or labelling concern",Other,"Class 1",2026-07-16,0
82296,"Panasonic Flashxpress Toaster Oven recalled due to electric shock hazard ",https://recalls-rappels.canada.ca/en/alert-recall/panasonic-flashxpress-toaster-oven-recalled-due-electric-shock-hazard,"Consumer product safety","Panasonic Flashxpress Toaster Oven, Model No. NB-G205S","Electrical hazard","Consumers should immediately stop using the recalled product and return it to Panasonic Canada Inc. for a refund.For more information, consumers can contact&nbsp;Panasonic Canada Inc. by telephone at 1-888-422-6296, from 8 a.m. to 5 p.m.&nbsp; ET, Monday through Friday with service provided in English and French or visit the company website.Joint recall with Health Canada, the United States Consumer Product Safety Commission (US CPSC) and Panasonic Canada Inc.Please note that the Canada Consumer Product Safety Act prohibits recalled products from being redistributed, sold or even given away in Canada.Health Canada would like to remind consumers to report any health or safety incidents related to the use of this product or any other consumer product or cosmetic by filling out the&nbsp;Consumer Product Incident Report Form.This recall is also posted on the&nbsp;OECD Global Portal on Product Recalls website. You can visit this site for more information on other international consumer product recalls.",Appliances,,2026-07-16,0
82323,"Boon PIVOT Toddler Tower Kids Kitchen Step Stool recalled due to tip-over hazard ",https://recalls-rappels.canada.ca/en/alert-recall/boon-pivot-toddler-tower-kids-kitchen-step-stool-recalled-due-tip-over-hazard,"Consumer product safety","Boon PIVOT Toddler Tower Kids Kitchen Step Stool ","Tip-over hazard","Consumers should immediately stop using the recalled product and contact TOMY International, Inc. for a repair kit.For more information, consumers can contact TOMY Consumer Care Team by telephone at 1-866-725-4407 between 8:00 a.m. and 4:00 p.m. CT Monday through Friday, by email at cs@tomy.com or visit the company website.Joint recall with Health Canada, the United States Consumer Product Safety Commission (US CPSC) and TOMY International, Inc.&nbsp;Please note that the Canada Consumer Product Safety Act prohibits recalled products from being redistributed, sold or even given away in Canada.Health Canada would like to remind consumers to report any health or safety incidents related to the use of this product or any other consumer product or cosmetic by filling out the Consumer Product Incident Report Form.This recall is also posted on the OECD Global Portal on Product Recalls website. You can visit this site for more information on other international consumer product recalls.","Furniture and furnishings",,2026-07-16,0
82331,"Solar™ GI",https://recalls-rappels.canada.ca/en/alert-recall/solartm-gi,"Medical devices","Solar™ GI",Performance,,"Gastroenterology and urology","Type II",2026-07-16,0
82332,"Cardiac Workstation",https://recalls-rappels.canada.ca/en/alert-recall/cardiac-workstation,"Medical devices","Cardiac Workstation",Performance,,Cardiovascular,"Type II",2026-07-16,0
82333,"Philips Allura Xper FD series",https://recalls-rappels.canada.ca/en/alert-recall/philips-allura-xper-fd-series,"Medical devices","Philips Allura Xper FD series",Performance,,Radiology,"Type II",2026-07-16,0
82335,"StrykeFlow PS and AHTO",https://recalls-rappels.canada.ca/en/alert-recall/strykeflow-ps-and-ahto,"Medical devices","StrykeFlow PS and AHTO",Performance,,"General and plastic surgery - Gastroenterology and urology - General hospital and personal use","Type II",2026-07-16,0
82336,"SEMA 3",https://recalls-rappels.canada.ca/en/alert-recall/sema-3,"Medical devices","SEMA 3","Device compatibility",,"General hospital and personal use","Type II",2026-07-16,0
82349,"V-Loc™ 90 and 180 Suture Products ",https://recalls-rappels.canada.ca/en/alert-recall/v-loctm-90-and-180-suture-products,"Medical devices","V-Loc™ 90 and 180 Suture Products ",Sterility,,Orthopaedics,"Type II",2026-07-16,0
82371,"Transport Canada Recall - 2026324 - NISSAN",https://recalls-rappels.canada.ca/en/alert-recall/transport-canada-recall-2026324-nissan,TC,"Car recalled by NISSAN","Seats And Restraints",,Car,,2026-07-16,0
82324,"Supernova and Supreme Nicotine Film and Pouches Recall; No market authorization",https://recalls-rappels.canada.ca/en/alert-recall/supernova-and-supreme-nicotine-film-and-pouches-recall-no-market-authorization,"Drugs and health products","Supernova and Supreme Nicotine Film and Pouches","Unauthorized product","Only use authorized nicotine replacement therapies as directed.Do not buy or use unauthorized nicotine replacement therapies. If you become aware of any unusual symptoms or side effects that may be associated with these products, contact your healthcare provider.Contact the recalling firm if you have any questions about the recall.Report any health product&nbsp;related&nbsp;side effects&nbsp;to Health Canada.Report any other health product safety&nbsp;complaints&nbsp;to&nbsp;Health Canada.","Drugs - Natural health products","Type II",2026-07-15,0
82328,"CTP - Tubing sets",https://recalls-rappels.canada.ca/en/alert-recall/ctp-tubing-sets,"Medical devices","CTP - Tubing sets",Sterility,,"Cardiovascular - General hospital and personal use","Type II",2026-07-15,0
82329,"Presource ®Kits containing Teleflex Pilling® Wecksorb Neurosponge",https://recalls-rappels.canada.ca/en/alert-recall/presource-rkits-containing-teleflex-pillingr-wecksorb-neurosponge,"Medical devices","Presource ®Kits containing Teleflex Pilling® Wecksorb Neurosponge",Performance,,"General hospital and personal use","Type II",2026-07-15,0
82330,"Leoni Plus",https://recalls-rappels.canada.ca/en/alert-recall/leoni-plus,"Medical devices","Leoni Plus",Performance,,Anaesthesiology,"Type II",2026-07-15,0
82337,"Heavenly Spices brand Garlic Powder recalled due to Bacillus cereus ",https://recalls-rappels.canada.ca/en/alert-recall/heavenly-spices-brand-garlic-powder-recalled-due-bacillus-cereus,CFIA,"Garlic Powder",Other,,"Herbs and spices","Class 2",2026-07-15,0
82356,"Transport Canada Recall - 2026333 - PACCAR",https://recalls-rappels.canada.ca/en/alert-recall/transport-canada-recall-2026333-paccar,TC,"Truck - Med. & H.D. recalled by PACCAR",Brakes,,"Truck - Med. & H.D.",,2026-07-15,0
82360,"Transport Canada Recall - 2026319 - FORD",https://recalls-rappels.canada.ca/en/alert-recall/transport-canada-recall-2026319-ford,TC,"Car recalled by FORD","Visual System",,Car,,2026-07-15,0
82361,"Transport Canada Recall - 2026320 - FIAT CHRYSLER AUTOMOBILES",https://recalls-rappels.canada.ca/en/alert-recall/transport-canada-recall-2026320-fiat-chrysler-automobiles,TC,"Light Truck & Van recalled by FIAT CHRYSLER AUTOMOBILES","Lights And Instruments",,"Light Truck & Van",,2026-07-15,0
82362,"Transport Canada Recall - 2026321 - BMW",https://recalls-rappels.canada.ca/en/alert-recall/transport-canada-recall-2026321-bmw,TC,"Car recalled by BMW",Brakes,,"SUV - Car",,2026-07-15,0
82363,"Transport Canada Recall - 2026322 - JAYCO",https://recalls-rappels.canada.ca/en/alert-recall/transport-canada-recall-2026322-jayco,TC,"RV Trailer recalled by JAYCO",Electrical,,"RV Trailer",,2026-07-15,0
82364,"Transport Canada Recall - 2026323 - JAYCO",https://recalls-rappels.canada.ca/en/alert-recall/transport-canada-recall-2026323-jayco,TC,"RV Trailer recalled by JAYCO",Electrical,,"RV Trailer",,2026-07-15,0
82365,"Transport Canada Recall - 2026335 - VOLVO TRUCKS",https://recalls-rappels.canada.ca/en/alert-recall/transport-canada-recall-2026335-volvo-trucks,TC,"Truck - Med. & H.D. recalled by VOLVO TRUCKS",Steering,,"Truck - Med. & H.D.",,2026-07-15,0
82366,"Transport Canada Recall - 2026337 - HYUNDAI",https://recalls-rappels.canada.ca/en/alert-recall/transport-canada-recall-2026337-hyundai,TC,"SUV recalled by HYUNDAI","Seats And Restraints",,SUV,,2026-07-15,0
82319,"Health Canada warns that BABESIDE Doll and Stroller Set previously available on Amazon.ca may pose a risk of choking",https://recalls-rappels.canada.ca/en/alert-recall/health-canada-warns-babeside-doll-and-stroller-set-previously-available-amazonca-may,"Consumer product safety","BABESIDE Doll and Stroller Toys","Choking hazard","Consumers who have this affected product should immediately stop using it and safely dispose of the items in such a way that they cannot be used again.&nbsp;Regularly check the&nbsp;Healthy Canadians Recalls and Safety Alerts database&nbsp;for dangerous products and take action to remove items of concern.Health Canada would like to remind consumers to report any health or safety incidents related to the use of these products or any other consumer product or cosmetic by filling out the&nbsp;Consumer Product Incident Report Form.&nbsp;Related linksBuying consumer products onlineOnline consumer product guidesStay connected with Health Canada and receive the latest advisories and product recalls using&nbsp;social media&nbsp;tools.","Toys and games",,2026-07-14,0
82348,"Transport Canada Recall - 2026327 - KIA",https://recalls-rappels.canada.ca/en/alert-recall/transport-canada-recall-2026327-kia,TC,"SUV recalled by KIA",Electrical,,SUV,,2026-07-14,0
82355,"Transport Canada Recall - 2026332 - BMW",https://recalls-rappels.canada.ca/en/alert-recall/transport-canada-recall-2026332-bmw,TC,"Car recalled by BMW",Electrical,,Car,,2026-07-14,0
82357,"Transport Canada Recall - 2026334 - FOREST RIVER",https://recalls-rappels.canada.ca/en/alert-recall/transport-canada-recall-2026334-forest-river,TC,"RV Trailer recalled by FOREST RIVER",Label,,"RV Trailer",,2026-07-14,0
82358,"Transport Canada Recall - 2026336 - GRAND DESIGN RV",https://recalls-rappels.canada.ca/en/alert-recall/transport-canada-recall-2026336-grand-design-rv,TC,"Motorhome recalled by GRAND DESIGN RV",Electrical,,Motorhome,,2026-07-14,0
82325,"Apo-Tiotropium Capsules; Out-of-specification (particle size)",https://recalls-rappels.canada.ca/en/alert-recall/apo-tiotropium-capsules-out-specification-particle-size,"Drugs and health products","Apo-Tiotropium 18 mcg Capsules","Product quality","Verify if your product is affected.Consult your healthcare provider prior to discontinuing use of the affected product(s), or for any health concerns.Contact the recalling firm if you have any questions about the recall.Report any health product&nbsp;related&nbsp;side effects&nbsp;to Health Canada.Report any other health product safety&nbsp;complaints&nbsp;to&nbsp;Health Canada.",Drugs,"Type II",2026-07-13,0
82326,"Oribe Serene Scalp Densifying Shampoo; Presence of bacterial contamination",https://recalls-rappels.canada.ca/en/alert-recall/oribe-serene-scalp-densifying-shampoo-presence-bacterial-contamination,"Drugs and health products","Oribe Serene Scalp Densifying Shampoo","Product quality","Verify if your product is affected.Consult your healthcare provider prior to discontinuing use of the affected product(s), or for any health concerns.Contact the recalling firm if you have any questions about the recall.Report any health product&nbsp;related&nbsp;side effects&nbsp;to Health Canada.Report any other health product safety&nbsp;complaints&nbsp;to&nbsp;Health Canada.","Natural health products","Type II",2026-07-13,0
82327,"BD ChloraPrep™ Clear - 1mL Applicator: Product sterility",https://recalls-rappels.canada.ca/en/alert-recall/bd-chlorapreptm-clear-1ml-applicator-product-sterility,"Drugs and health products","BD ChloraPrep™ Clear - 1mL Applicator","Product quality","Verify if your product is affected.Consult your healthcare provider prior to discontinuing use of the affected product(s), or for any health concerns.Contact the recalling firm if you have any questions about the recall.Report any health product&nbsp;related&nbsp;side effects&nbsp;to Health Canada.Report any other health product safety&nbsp;complaints&nbsp;to&nbsp;Health Canada.",Drugs,"Type II",2026-07-13,0
82338,"Transport Canada Recall - 2026291 - FORD",https://recalls-rappels.canada.ca/en/alert-recall/transport-canada-recall-2026291-ford,TC,"SUV recalled by FORD",Structure,,SUV,,2026-07-13,0
82339,"Transport Canada Recall - 2026308 - HYUNDAI",https://recalls-rappels.canada.ca/en/alert-recall/transport-canada-recall-2026308-hyundai,TC,"SUV recalled by HYUNDAI","Lights And Instruments",,SUV,,2026-07-13,0
82340,"Transport Canada Recall - 2026310 - FORD",https://recalls-rappels.canada.ca/en/alert-recall/transport-canada-recall-2026310-ford,TC,"SUV recalled by FORD",Accessories,,SUV,,2026-07-13,0
82341,"Transport Canada Recall - 2026311 - FORD",https://recalls-rappels.canada.ca/en/alert-recall/transport-canada-recall-2026311-ford,TC,"SUV recalled by FORD",Powertrain,,"SUV - Light Truck & Van",,2026-07-13,0
82342,"Transport Canada Recall - 2026312 - DAIMLER TRUCK NORTH AMERICA",https://recalls-rappels.canada.ca/en/alert-recall/transport-canada-recall-2026312-daimler-truck-north-america,TC,"School Bus recalled by DAIMLER TRUCK NORTH AMERICA",Structure,,"School Bus",,2026-07-13,0
82343,"Transport Canada Recall - 2026313 - KTM",https://recalls-rappels.canada.ca/en/alert-recall/transport-canada-recall-2026313-ktm,TC,"Motorcycle recalled by KTM",Brakes,,"Competition Vehicle - Motorcycle",,2026-07-13,0
82344,"Transport Canada Recall - 2026315 - FIAT CHRYSLER AUTOMOBILES",https://recalls-rappels.canada.ca/en/alert-recall/transport-canada-recall-2026315-fiat-chrysler-automobiles,TC,"SUV recalled by FIAT CHRYSLER AUTOMOBILES","Lights And Instruments",,SUV,,2026-07-13,0
82345,"Transport Canada Recall - 2026316 - FIAT CHRYSLER AUTOMOBILES",https://recalls-rappels.canada.ca/en/alert-recall/transport-canada-recall-2026316-fiat-chrysler-automobiles,TC,"SUV recalled by FIAT CHRYSLER AUTOMOBILES",Brakes,,SUV,,2026-07-13,0
82346,"Transport Canada Recall - 2026317 - FORD",https://recalls-rappels.canada.ca/en/alert-recall/transport-canada-recall-2026317-ford,TC,"SUV recalled by FORD",Powertrain,,SUV,,2026-07-13,0
82303,"Charcuterie Charlevoisienne and Joe Smoked Meat brand meat products recalled due to Listeria monocytogenes",https://recalls-rappels.canada.ca/en/alert-recall/charcuterie-charlevoisienne-and-joe-smoked-meat-brand-meat-products-recalled-due,CFIA,"Meat products",Listeria,"If you think you became sick from consuming a recalled product, contact your healthcare providerCheck to see if you have recalled productsDo not consume, serve, use, sell, or distribute recalled productsRecalled products should be thrown out or returned to the location where they were purchasedFood contaminated with Listeria monocytogenes may not look or smell spoiled but can still make you sick. Symptoms can include vomiting, nausea, persistent fever, muscle aches, severe headache and neck stiffness. Pregnant women, the elderly and people with weakened immune systems are particularly at risk. Although infected pregnant women may experience only mild, flu-like symptoms, the infection can lead to premature delivery, infection of the newborn or even stillbirth. In severe cases of illness, people may die.Learn more:Learn more about the health risksSign up for recall notifications by email and follow us on social mediaView our detailed explanation of the food safety investigation and recall processReport a food safety or labelling concern",Processed,"Class 1",2026-07-10,0
82316,"Highgate Tender Meats Ltd. brand Honey garlic sausage recalled due to undeclared wheat",https://recalls-rappels.canada.ca/en/alert-recall/highgate-tender-meats-ltd-brand-honey-garlic-sausage-recalled-due-undeclared-wheat,CFIA,"Honey garlic sausage","Wheat - Gluten","Check to see if you have recalled productsDo not consume recalled products to which you are allergic or sensitive as they may cause a serious or life-threatening reactionIf you have celiac disease or other gluten-related disorders, do not consume the recalled product as it may cause a serious or life-threatening reactionDo not serve, use, sell or distribute recalled productsRecalled products should be thrown out or returned to the location where they were purchasedLearn more:Learn more about common food allergiesSign up for recall notifications by email and follow us on social mediaView our detailed explanation of the food safety investigation and recall processReport a food safety or labelling concern",Processed,"Class 1",2026-07-10,0
82317,"Chongqing Hot and Sour Sauce recalled due to undeclared peanut",https://recalls-rappels.canada.ca/en/alert-recall/chongqing-hot-and-sour-sauce-recalled-due-undeclared-peanut,CFIA,"Chongqing Hot and Sour Sauce",Peanut,"Check to see if you have recalled productsDo not consume recalled products to which you are allergic or sensitive as they may cause a serious or life-threatening reactionDo not serve, use, sell or distribute recalled productsRecalled products should be thrown out or returned to the location where they were purchasedLearn more:Learn more about common food allergiesSign up for recall notifications by email and follow us on social mediaView our detailed explanation of the food safety investigation and recall processReport a food safety or labelling concern",Other,"Class 2",2026-07-10,0
82321,"Transport Canada Recall - 2026330 - TOYOTA",https://recalls-rappels.canada.ca/en/alert-recall/transport-canada-recall-2026330-toyota,TC,"SUV recalled by TOYOTA",Structure,,SUV,,2026-07-10,0
82322,"Transport Canada Recall - 2026331 - BMW",https://recalls-rappels.canada.ca/en/alert-recall/transport-canada-recall-2026331-bmw,TC,"SUV recalled by BMW",Engine,,"SUV - Car",,2026-07-10,0
75680,"Transport Canada Recall - 2024323 - KIA",https://recalls-rappels.canada.ca/en/alert-recall/transport-canada-recall-2024323-kia,TC,"SUV recalled by KIA",Electrical,,SUV,,2026-07-09,0
82273,"​​Insignia® Gas Ranges​ recalled due to fire hazard  ",https://recalls-rappels.canada.ca/en/alert-recall/insigniar-gas-ranges-recalled-due-fire-hazard,"Consumer product safety","Insignia Gas Ranges","Fire hazard","Consumers should immediately stop using the recalled range and contact Best Buy Canada to obtain a free set of knob covers.For more information, consumers can contact Best Buy Canada by telephone at 1-800-566-7498 from 7:30 a.m. to 5 p.m. Central Time Monday through Friday, by email at range@realtimeresults.net or visit the recall website at&nbsp;https://www.recallrtr.com/range or&nbsp;www.bestbuy.ca and click on “Product Recalls” located in the footer at the bottom of the page.Joint recall with Health Canada, the United States Consumer Product Safety Commission (US CPSC&nbsp;) and Best Buy Canada.Please note that the Canada Consumer Product Safety Act prohibits recalled products from being redistributed, sold or even given away in Canada.Health Canada would like to remind consumers to report any health or safety incidents related to the use of this product or any other consumer product or cosmetic by filling out the&nbsp;Consumer Product Incident Report Form.This recall is also posted on the&nbsp;OECD Global Portal on Product Recalls website. You can visit this site for more information on other international consumer product recalls.",Appliances,,2026-07-09,0
82282,"​​Cuisinart Propel+ Four Burner 3-In-1 Gas Grill​s recalled due to a laceration hazard",https://recalls-rappels.canada.ca/en/alert-recall/cuisinart-propel-four-burner-3-1-gas-grill-s-recalled-due-laceration-hazard,"Consumer product safety","Cuisinart Propel+ Four Burner 3-In-1 Gas Grills with Pizza Oven","Laceration hazard","Consumers should immediately stop using the recalled product and contact Conair for a refund.Consumers should stop using the recalled Cuisinart Propel+ Four Burner 3-in-1 Gas Grill immediately and visit Conair’s website to check if their grill is included in the recall. If affected, follow the instructions to safely remove the tempered glass window on the pizza oven and upload two photographs; one of the removed glass and one of the grill’s serial number to the firm’s website. Upon verification, consumers will receive a $500 USD refund by check or be reimbursed for the original purchase amount with proof of receipt. After receiving their refund, consumers should write the word “Recall” with black sharpie marker on the tempered glass and dispose of it.For more information, consumers can contact Conair toll-free at 833-408-0463 from 8:30 a.m. to 6:00 p.m. ET Monday through Friday or online at https://www.recallrtr.com/3in1grill or www.cuisinart.com and click on “Safety Recalls” at the bottom of the page.Joint recall with Health Canada, the United States Consumer Product Safety Commission (US CPSC) and Conair.Please note that the Canada Consumer Product Safety Act prohibits recalled products from being redistributed, sold or even given away in Canada.Health Canada would like to remind consumers to report any health or safety incidents related to the use of this product or any other consumer product or cosmetic by filling out the Consumer Product Incident Report Form.This recall is also posted on the OECD Global Portal on Product Recalls website. You can visit this site for more information on other international consumer product recalls.","Outdoor living",,2026-07-09,0
82293,"The Butcher Barn brand meat products recalled due to undeclared mustard and soy",https://recalls-rappels.canada.ca/en/alert-recall/butcher-barn-brand-meat-products-recalled-due-undeclared-mustard-and-soy,CFIA,"Meat products","Mustard - Soy","Check to see if you have recalled productsDo not consume recalled products to which you are allergic or sensitive as they may cause a serious or life-threatening reactionDo not serve, use, sell or distribute recalled productsRecalled products should be thrown out or returned to the location where they were purchasedLearn more:Learn more about common food allergiesSign up for recall notifications by email and follow us on social mediaView our detailed explanation of the food safety investigation and recall processReport a food safety or labelling concern",Processed,"Class 1",2026-07-09,0
82300,"Astral 150™",https://recalls-rappels.canada.ca/en/alert-recall/astral-150tm,"Medical devices","Astral 150™",Performance,,Anaesthesiology,"Type II",2026-07-09,0
82301,"Phantom® Hindfoot TTC/TC Ball Tipped Guide Rod",https://recalls-rappels.canada.ca/en/alert-recall/phantomr-hindfoot-ttctc-ball-tipped-guide-rod,"Medical devices","Phantom® Hindfoot TTC/TC Ball Tipped Guide Rod",Sterility,,Cardiovascular,"Type II",2026-07-09,0
82320,"Transport Canada Recall - 2026329 - SUBARU",https://recalls-rappels.canada.ca/en/alert-recall/transport-canada-recall-2026329-subaru,TC,"SUV recalled by SUBARU",Label,,SUV,,2026-07-09,0
77846,"Transport Canada Recall - 2025366 - FORD",https://recalls-rappels.canada.ca/en/alert-recall/transport-canada-recall-2025366-ford,TC,"Car recalled by FORD","Fuel System",,"Chassis Cab - Light Truck & Van - Car - SUV - Truck - Med. & H.D.",,2026-07-08,0
82288,"Rowenta Cordless Vacuum Cleaners recalled due to fire and burn hazards ",https://recalls-rappels.canada.ca/en/alert-recall/rowenta-cordless-vacuum-cleaners-recalled-due-fire-and-burn-hazards,"Consumer product safety","Rowenta Cordless Vacuum Cleaners","Burn hazard - Fire hazard","Consumers should immediately stop using the recalled product and contact Rowenta Canada to obtain a replacement battery.&nbsp;For more information, consumers can contact Rowenta Canada by telephone at 1-800-418-3325 from 8:30 a.m. to 5 p.m. ET, Monday through Friday or visit the&nbsp;company website.Please note that the Canada Consumer Product Safety Act prohibits recalled products from being redistributed, sold or even given away in Canada.Health Canada would like to remind consumers to report any health or safety incidents related to the use of this product or any other consumer product or cosmetic by filling out the&nbsp;Consumer Product Incident Report Form.This recall is also posted on the&nbsp;OECD Global Portal on Product Recalls website. You can visit this site for more information on other international consumer product recalls.","Household items",,2026-07-08,0
82292,"Allura Xper FD10",https://recalls-rappels.canada.ca/en/alert-recall/allura-xper-fd10,"Medical devices","Allura Xper FD10",Performance,,Radiology,"Type II",2026-07-08,0
82294,"Alice Le System - Sleepware Software",https://recalls-rappels.canada.ca/en/alert-recall/alice-system-sleepware-software,"Medical devices","Alice Le System - Sleepware Software","Unauthorised device",,Neurology,"Type II",2026-07-08,0
82295,"Two lots of Omnitrope injectable human growth hormone recalled due to cracked cartridges",https://recalls-rappels.canada.ca/en/alert-recall/two-lots-omnitrope-injectable-human-growth-hormone-recalled-due-cracked-cartridges,"Communications and Public Affairs Branch","Omnitrope (5 mg/1.5 mL somatropin)","Product quality","If you have a recalled product, do not use it. Contact your pharmacy immediately for a replacement. Return the recalled product to your pharmacy for&nbsp;proper disposal.If you or your child have used this product and experience any unusual symptoms (e.g. persistent redness, swelling and/or pain at the injection site, fever) or have any other health concerns, consult a healthcare professional.Contact Sandoz Canada Inc. by calling toll-free at 1-800-343-8839 if you have questions about this recall.Report any health product-related&nbsp;side effects or&nbsp;complaints to Health Canada.","Biologic or vaccine","Type I",2026-07-08,0
82304,"Transport Canada Recall - 2026280 - FORD",https://recalls-rappels.canada.ca/en/alert-recall/transport-canada-recall-2026280-ford,TC,"Light Truck & Van recalled by FORD",Powertrain,,"Light Truck & Van",,2026-07-08,0
82305,"Transport Canada Recall - 2026281 - FORD",https://recalls-rappels.canada.ca/en/alert-recall/transport-canada-recall-2026281-ford,TC,"Car recalled by FORD",Powertrain,,Car,,2026-07-08,0
82306,"Transport Canada Recall - 2026282 - FORD",https://recalls-rappels.canada.ca/en/alert-recall/transport-canada-recall-2026282-ford,TC,"SUV recalled by FORD",Other,,SUV,,2026-07-08,0
82307,"Transport Canada Recall - 2026283 - FORD",https://recalls-rappels.canada.ca/en/alert-recall/transport-canada-recall-2026283-ford,TC,"Light Truck & Van recalled by FORD",Powertrain,,"Light Truck & Van",,2026-07-08,0
82308,"Transport Canada Recall - 2026292 - LAND ROVER",https://recalls-rappels.canada.ca/en/alert-recall/transport-canada-recall-2026292-land-rover,TC,"SUV recalled by LAND ROVER",Airbag,,SUV,,2026-07-08,0
82309,"Transport Canada Recall - 2026293 - WINNEBAGO INDUSTRIES",https://recalls-rappels.canada.ca/en/alert-recall/transport-canada-recall-2026293-winnebago-industries,TC,"Motorhome recalled by WINNEBAGO INDUSTRIES",Label,,Motorhome,,2026-07-08,0
82310,"Transport Canada Recall - 2026296 - FOREST RIVER",https://recalls-rappels.canada.ca/en/alert-recall/transport-canada-recall-2026296-forest-river,TC,"RV Trailer recalled by FOREST RIVER",Label,,"RV Trailer",,2026-07-08,0
82311,"Transport Canada Recall - 2026303 - BRAUNABILITY",https://recalls-rappels.canada.ca/en/alert-recall/transport-canada-recall-2026303-braunability,TC,"Minivan recalled by BRAUNABILITY",Airbag,,Minivan,,2026-07-08,0
82312,"Transport Canada Recall - 2026306 - FOREST RIVER",https://recalls-rappels.canada.ca/en/alert-recall/transport-canada-recall-2026306-forest-river,TC,"RV Trailer recalled by FOREST RIVER",Electrical,,"RV Trailer",,2026-07-08,0
82313,"Transport Canada Recall - 2026307 - GENERAL MOTORS",https://recalls-rappels.canada.ca/en/alert-recall/transport-canada-recall-2026307-general-motors,TC,"Chassis Cab recalled by GENERAL MOTORS",Steering,,"Chassis Cab - Light Truck & Van",,2026-07-08,0
82314,"Transport Canada Recall - 2026309 - AIRSTREAM",https://recalls-rappels.canada.ca/en/alert-recall/transport-canada-recall-2026309-airstream,TC,"RV Trailer recalled by AIRSTREAM",Electrical,,"RV Trailer",,2026-07-08,0
82315,"Transport Canada Recall - 2026314 - TIFFIN",https://recalls-rappels.canada.ca/en/alert-recall/transport-canada-recall-2026314-tiffin,TC,"Motorhome recalled by TIFFIN",Electrical,,Motorhome,,2026-07-08,0
81987,"Gummy Gainz brand Protein Candy recalled due to improperly declared milk",https://recalls-rappels.canada.ca/en/alert-recall/gummy-gainz-brand-protein-candy-recalled-due-improperly-declared-milk,CFIA,"Protein Candy",Milk,"Check to see if you have recalled productsDo not consume recalled products to which you are allergic or sensitive as they may cause a serious or life-threatening reactionDo not serve, use, sell or distribute recalled productsRecalled products should be thrown out or returned to the location where they were purchasedLearn more:Learn more about common food allergiesSign up for recall notifications by email and follow us on social mediaView our detailed explanation of the food safety investigation and recall processReport a food safety or labelling concern","Candy, confectionary, snacks and sweeteners","Class 1",2026-07-07,0
82284,"Sunluway Oven Bottom Panel Replacement recalled due to burn hazard ",https://recalls-rappels.canada.ca/en/alert-recall/sunluway-oven-bottom-panel-replacement-recalled-due-burn-hazard,"Consumer product safety","Sunluway Oven Bottom Panel Replacement","Burn hazard","Consumers should immediately stop using the recalled product and dispose of it.For more information, consumers can contact Sunluway Bearings USA through the secure Amazon Buyer-Seller Messaging Service by clicking ""Contact Seller"" in their order details for the fastest resolution and refund processing. For alternative inquiries outside the platform, consumers can reach dedicated compliance support by email at hongchushi1997@126.com.Please note that the Canada Consumer Product Safety Act prohibits recalled products from being redistributed, sold or even given away in Canada.Health Canada would like to remind consumers to report any health or safety incidents related to the use of this product or any other consumer product or cosmetic by filling out the&nbsp;Consumer Product Incident Report Form.This recall is also posted on the&nbsp;OECD Global Portal on Product Recalls website. You can visit this site for more information on other international consumer product recalls.",Appliances,,2026-07-07,0
82287,"TAVNEOS (avacopan) and Health Canada’s Review of Data Integrity Concerns",https://recalls-rappels.canada.ca/en/alert-recall/tavneos-avacopan-and-health-canada-s-review-data-integrity-concerns,"Marketed health products","TAVNEOS (avacopan) capsules, 10 mg","New safety information - Product safety","See key messages above",Drugs,,2026-07-07,0
82297,"Transport Canada Recall - 2026295 - ALLIANCE RV",https://recalls-rappels.canada.ca/en/alert-recall/transport-canada-recall-2026295-alliance-rv,TC,"RV Trailer recalled by ALLIANCE RV",Electrical,,"RV Trailer",,2026-07-07,0
82298,"Transport Canada Recall - 2026304 - BMW",https://recalls-rappels.canada.ca/en/alert-recall/transport-canada-recall-2026304-bmw,TC,"Car recalled by BMW","Lights And Instruments",,Car,,2026-07-07,0
82299,"Transport Canada Recall - 2026305 - INDIAN",https://recalls-rappels.canada.ca/en/alert-recall/transport-canada-recall-2026305-indian,TC,"Motorcycle recalled by INDIAN",Label,,Motorcycle,,2026-07-07,0
82275,"Westside Sauce brand Bistro Honey Dill Sauce recalled due to undeclared mustard",https://recalls-rappels.canada.ca/en/alert-recall/westside-sauce-brand-bistro-honey-dill-sauce-recalled-due-undeclared-mustard,CFIA,"Bistro Honey Dill Sauce",Mustard,,Condiments,"Class 2",2026-07-06,0
82283,"Vevor 4 in 1 ​Baby walker​ recalled due to physical hazard",https://recalls-rappels.canada.ca/en/alert-recall/vevor-4-1-baby-walker-recalled-due-physical-hazard,"Consumer product safety"," Vevor 4 in 1 Baby Walker","Physical hazard","Consumers should immediately stop using the recall product and safely dispose of it in such a way that it cannot be used again.&nbsp;For more information, consumers can contact Do Home Inc. by email at admin@dohomeinc.com or visit the company&nbsp;website.Please note that the Canada Consumer Product Safety Act prohibits recalled products from being redistributed, sold or even given away in Canada.Health Canada would like to remind consumers to report any health or safety incidents related to the use of this product or any other consumer product or cosmetic by filling out the&nbsp;Consumer Product Incident Report Form.This recall is also posted on the&nbsp;OECD Global Portal on Product Recalls website. You can visit this site for more information on other international consumer product recalls.",Other,,2026-07-06,0
82285,"Hotline IV Fluid Warmer System & Accessories",https://recalls-rappels.canada.ca/en/alert-recall/hotline-iv-fluid-warmer-system-accessories,"Medical devices","Hotline IV Fluid Warmer System & Accessories",Performance,,"General hospital and personal use","Type I",2026-07-06,0
82286,"JAMP Chlorthalidone 12.5 mg tablet: Out of specification (Dissolution)",https://recalls-rappels.canada.ca/en/alert-recall/jamp-chlorthalidone-125-mg-tablet-out-specification-dissolution,"Drugs and health products","JAMP Chlorthalidone 12.5 mg Tablets","Product quality","Verify if your product is affected.Consult your healthcare provider prior to discontinuing use of the affected product, or for any health concerns.Contact the recalling firm if you have any questions about the recall.Report any health product&nbsp;related&nbsp;side effects&nbsp;to Health Canada.Report any other health product safety&nbsp;complaints&nbsp;to&nbsp;Health Canada.",Drugs,"Type III",2026-07-06,0
82289,"Transport Canada Recall - 2026299 - BLUE BIRD",https://recalls-rappels.canada.ca/en/alert-recall/transport-canada-recall-2026299-blue-bird,TC,"School Bus recalled by BLUE BIRD","Fuel System",,"School Bus",,2026-07-06,0
82290,"Transport Canada Recall - 2026300 - BLUE BIRD",https://recalls-rappels.canada.ca/en/alert-recall/transport-canada-recall-2026300-blue-bird,TC,"Bus recalled by BLUE BIRD","Fuel System",,Bus,,2026-07-06,0
82265,"​​Combined Smoke, Combustible Gas & Carbon Monoxide Alarm​ recalled due to potential failure to operate ",https://recalls-rappels.canada.ca/en/alert-recall/combined-smoke-combustible-gas-carbon-monoxide-alarm-recalled-due-potential-failure,"Consumer product safety","Combined Smoke, Combustible Gas & Carbon Monoxide Alarm","Unauthorized products","Consumers should immediately stop using the recalled product and dispose of it according to municipal hazardous waste guidelines. Consumers should replace the recalled product with one that bears a&nbsp;Canadian certification mark.&nbsp;For more information, consumers can contact Shenzhen Yundou Network Technology Co., Ltd by email at&nbsp;yundou2024@163.com.Please note that the Canada Consumer Product Safety Act prohibits recalled products from being redistributed, sold or even given away in Canada.Health Canada would like to remind consumers to report any health or safety incidents related to the use of this product or any other consumer product or cosmetic by filling out the&nbsp;Consumer Product Incident Report Form.This recall is also posted on the&nbsp;OECD Global Portal on Product Recalls website. You can visit this site for more information on other international consumer product recalls.","Household items",,2026-07-03,0
82278,"DLP Select 3D Arterial Cannula and DLP Elongated One Piece Arterial Cannulae",https://recalls-rappels.canada.ca/en/alert-recall/dlp-select-3d-arterial-cannula-and-dlp-elongated-one-piece-arterial-cannulae,"Medical devices","DLP Select 3D Arterial Cannula and DLP Elongated One Piece Arterial Cannulae","Performance - Sterility",,Cardiovascular,"Type II",2026-07-03,0
82279,"Hybrid Hydrophilic Microguidewire",https://recalls-rappels.canada.ca/en/alert-recall/hybrid-hydrophilic-microguidewire,"Medical devices","Hybrid Hydrophilic Microguidewire",Performance,,Neurology,"Type II",2026-07-03,0
82280,"Intramedullary Bone Saw Blade Assembly",https://recalls-rappels.canada.ca/en/alert-recall/intramedullary-bone-saw-blade-assembly,"Medical devices","Intramedullary Bone Saw Blade Assembly",Sterility,,Orthopaedics,"Type II",2026-07-03,0
82281,"Urinary Catheter Trays containing Cliniclean Pericare Wipes",https://recalls-rappels.canada.ca/en/alert-recall/urinary-catheter-trays-containing-cliniclean-pericare-wipes,"Medical devices","Urinary Catheter Trays containing Cliniclean Pericare Wipes",Performance,,"Gastroenterology and urology","Type II",2026-07-03,0
75928,"Aisys, Avance, and Aespire Anesthesia Machines",https://recalls-rappels.canada.ca/en/alert-recall/aisys-avance-and-aespire-anesthesia-machines,"Medical devices","Aisys, Avance, and Aespire Anesthesia Machines",Performance,,Anaesthesiology,"Type II",2026-07-02,0
82259,"New Horse Riding Helmet 100 Fouganza recalled due to injury hazard ",https://recalls-rappels.canada.ca/en/alert-recall/new-horse-riding-helmet-100-fouganza-recalled-due-injury-hazard,"Consumer product safety","New Horse Riding Helmet 100 Fouganza","Injury hazard","Consumers should immediately stop using the recalled product and return it to obtain a credit.&nbsp;For more information, consumers can contact Decathalon by telephone at 1-844-533-3322,&nbsp;between 10:00 am and 6:00 pm Monday to Friday, by email at&nbsp;onlineservice@decathlon.ca or visit the company website.Please note that the Canada Consumer Product Safety Act prohibits recalled products from being redistributed, sold or even given away in Canada.Health Canada would like to remind consumers to report any health or safety incidents related to the use of this product or any other consumer product or cosmetic by filling out the&nbsp;Consumer Product Incident Report Form.This recall is also posted on the&nbsp;OECD Global Portal on Product Recalls website. You can visit this site for more information on other international consumer product recalls.","Sports and fitness",,2026-07-02,0
82266,"RAPIDLab® 348EX System",https://recalls-rappels.canada.ca/en/alert-recall/rapidlabr-348ex-system,"Medical devices","RAPIDLab® 348EX System",Performance,,Chemistry,"Type II",2026-07-02,0
82267,"AirSeal Access Port With Blunt Obturator and AirSeal Access Port With Optical Obturator",https://recalls-rappels.canada.ca/en/alert-recall/airseal-access-port-blunt-obturator-and-airseal-access-port-optical-obturator,"Medical devices","AirSeal Access Port With Blunt Obturator and AirSeal Access Port With Optical Obturator",Performance,,"General and plastic surgery","Type II",2026-07-02,0
82268,"Glidesheath Slender® Introducer Sheath",https://recalls-rappels.canada.ca/en/alert-recall/glidesheath-slenderr-introducer-sheath,"Medical devices","Glidesheath Slender® Introducer Sheath",Performance,,Cardiovascular,"Type II",2026-07-02,0
82269,WASPLab,https://recalls-rappels.canada.ca/en/alert-recall/wasplab,"Medical devices",WASPLab,Performance,,Microbiology,"Type II",2026-07-02,0
82270,"LIFECODES LSA Class II",https://recalls-rappels.canada.ca/en/alert-recall/lifecodes-lsa-class-ii,"Medical devices","LIFECODES LSA Class II",Performance,,Haematology,"Type II",2026-07-02,0
82272,"Fludeoxyglucose (18F) Injection; Cracked vial",https://recalls-rappels.canada.ca/en/alert-recall/fludeoxyglucose-18f-injection-cracked-vial,"Drugs and health products","Fludeoxyglucose (18F) Injection","Product quality","Verify if your product is affected.Consult your healthcare provider prior to discontinuing use of the affected product(s), or for any health concerns.Contact the recalling firm if you have any questions about the recall.Report any health product&nbsp;related&nbsp;side effects&nbsp;to Health Canada.Report any other health product safety&nbsp;complaints&nbsp;to&nbsp;Health Canada.",Radiopharmaceuticals,"Type III",2026-07-02,0
82276,"NephroMax High Pressure Nephrostomy Balloon Catheter",https://recalls-rappels.canada.ca/en/alert-recall/nephromax-high-pressure-nephrostomy-balloon-catheter,"Medical devices","NephroMax High Pressure Nephrostomy Balloon Catheter","Device compatibility",,"Gastroenterology and urology","Type II",2026-07-02,0
77161,"Wu Xian Zhai brand Soybean Snacks recalled due to undeclared wheat and egg",https://recalls-rappels.canada.ca/en/alert-recall/wu-xian-zhai-brand-soybean-snacks-recalled-due-undeclared-wheat-and-egg,CFIA,"Soybean Snacks","Wheat - Gluten - Egg","Check to see if you have recalled productsDo not consume recalled products to which you are allergic or sensitive as they may cause a serious or life-threatening reactionIf you have celiac disease or other gluten-related disorders, do not consume the recalled products as they may cause a serious or life-threatening reactionDo not serve, use, sell or distribute recalled productsRecalled products should be thrown out or returned to the location where they were purchasedLearn more:Learn more about common food allergiesSign up for recall notifications by email and follow us on social mediaView our detailed explanation of the food safety investigation and recall processReport a food safety or labelling concern","Candy, confectionary, snacks and sweeteners","Class 1",2026-06-30,0
82224,"Transport Canada Recall - 2026266 - MERCEDES-BENZ",https://recalls-rappels.canada.ca/en/alert-recall/transport-canada-recall-2026266-mercedes-benz,TC,"SUV recalled by MERCEDES-BENZ","Seats And Restraints",,SUV,,2026-06-30,0
82258,"IPEX cement and primer products​ recalled due to improper labelling and lack of child-resistant packaging  ",https://recalls-rappels.canada.ca/en/alert-recall/ipex-cement-and-primer-products-recalled-due-improper-labelling-and-lack-child,"Consumer product safety","IPEX chemical products","Labelling and packaging","Consumers should immediately stop using the recalled products and refer to the&nbsp;IPEX Inc.&nbsp;company website for further instructions on disposal of the products.For more information, consumers can contact IPEX Inc. by telephone at 1-866-777-8023, 9:00 a.m. to 5:00 p.m. EST, Monday to Friday, by email at&nbsp;retailorders32@ipexamerica.com or visit the company&nbsp;website.Please note that the Canada Consumer Product Safety Act prohibits recalled products from being redistributed, sold or even given away in Canada.Health Canada would like to remind consumers to report any health or safety incidents related to the use of this product or any other consumer product or cosmetic by filling out the&nbsp;Consumer Product Incident Report Form.This recall is also posted on the&nbsp;OECD Global Portal on Product Recalls website. You can visit this site for more information on other international consumer product recalls.",Chemicals,,2026-06-30,0
82260,"9227-8712 Québec Inc. brand and L'Érabeille brand Pure Maple Syrup recalled due to container integrity defects and spoilage",https://recalls-rappels.canada.ca/en/alert-recall/9227-8712-quebec-inc-brand-and-erabeille-brand-pure-maple-syrup-recalled-due-container,CFIA,"Pure Maple Syrup","Non harmful (quality or spoilage)",,"Candy, confectionary, snacks and sweeteners","Class 3",2026-06-30,0
82262,"Wu Xian Zhai brand Vegetarian Beef (Sauce) recalled due to undeclared wheat and egg",https://recalls-rappels.canada.ca/en/alert-recall/wu-xian-zhai-brand-vegetarian-beef-sauce-recalled-due-undeclared-wheat-and-egg,CFIA,"Vegetarian Beef (Sauce)","Wheat - Egg - Gluten","Check to see if you have recalled productsDo not consume recalled products to which you are allergic or sensitive as they may cause a serious or life-threatening reactionIf you have celiac disease or other gluten-related disorders, do not consume the recalled products as it may cause a serious or life-threatening reactionDo not serve, use, sell or distribute recalled productsRecalled products should be thrown out or returned to the location where they were purchasedLearn more:Learn more about common food allergiesSign up for recall notifications by email and follow us on social mediaView our detailed explanation of the food safety investigation and recall processReport a food safety or labelling concern","Candy, confectionary, snacks and sweeteners","Class 1",2026-06-30,0
82264,"Certain Five Star Shellfish Inc. brand oysters recalled due to Salmonella",https://recalls-rappels.canada.ca/en/alert-recall/certain-five-star-shellfish-inc-brand-oysters-recalled-due-salmonella,CFIA,"Certain oysters",Salmonella,"If you think you became sick from consuming a recalled product, contact your healthcare providerCheck to see if you have recalled productsDo not consume, serve, use, sell, or distribute recalled productsRecalled products should be thrown out or returned to the location where they were purchasedFood contaminated with&nbsp;Salmonella may not look or smell spoiled but can still make you sick. Young children, pregnant women, the elderly and people with weakened immune systems may contract serious and sometimes deadly infections. Healthy people may experience short-term symptoms such as fever, headache, vomiting, nausea, abdominal cramps and diarrhea. Long-term complications may include severe arthritis.Learn more:Learn more about the health risksSign up for recall notifications by email and follow us on social mediaView our detailed explanation of the food safety investigation and recall processReport a food safety or labelling concern",Fresh,"Class 2",2026-06-30,0
82252,"Certain Thermos Stainless King Food Jars and Sportsman Food & Beverage Bottles recalled due to Impact Injury and Laceration Hazards",https://recalls-rappels.canada.ca/en/alert-recall/certain-thermos-stainless-king-food-jars-and-sportsman-food-beverage-bottles-recalled,"Consumer product safety","Thermos Stainless King 3000 and 3020 Food Jars and Thermos Sportsman 3010 Food & Beverage Bottle","Impact hazard - Laceration hazard","Consumers should immediately stop using the recalled products and visit the Canadian Thermos Products Inc. website for more information.For more information, consumers can visit the Canadian Thermos Products Inc. website.Please note that the Canada Consumer Product Safety Act prohibits recalled products from being redistributed, sold or even given away in Canada.Health Canada would like to remind consumers to report any health or safety incidents related to the use of this product or any other consumer product or cosmetic by filling out the&nbsp;Consumer Product Incident Report Form.This recall is also posted on the&nbsp;OECD Global Portal on Product Recalls website. You can visit this site for more information on other international consumer product recalls.","Kitchenware and tableware",,2026-06-29,0
82261,"Abiomed Introducer Kits with Impella Heart Pumps",https://recalls-rappels.canada.ca/en/alert-recall/abiomed-introducer-kits-impella-heart-pumps,"Medical devices","Abiomed Introducer Kits with Impella Heart Pumps",Performance,,Cardiovascular,"Type I",2026-06-29,0
82253,"Various Salem Foods brand Ground Spices and Spice Blends recalled due to undeclared wheat, sesame and mustard",https://recalls-rappels.canada.ca/en/alert-recall/various-salem-foods-brand-ground-spices-and-spice-blends-recalled-due-undeclared-0,CFIA,"Ground Spices and Spice Blends","Wheat - Sesame seeds - Mustard - Gluten","Check to see if you have recalled productsDo not consume recalled products to which you are allergic or sensitive as they may cause a serious or life-threatening reactionIf you have celiac disease or other gluten-related disorders, do not consume the recalled products&nbsp;as&nbsp;they&nbsp;may cause a serious or life-threatening reactionDo not serve, use, sell or distribute recalled productsRecalled products should be thrown out or returned to the location where they were purchasedLearn more:Learn more about common food allergiesSign up for recall notifications by email and follow us on social mediaView our detailed explanation of the food safety investigation and recall processReport a food safety or labelling concern","Herbs and spices","Class 1",2026-06-26,0
82254,"Remifentanil hydrochloride for injection; Out of specification (Assay & Impurity)",https://recalls-rappels.canada.ca/en/alert-recall/remifentanil-hydrochloride-injection-out-specification-assay-impurity,"Drugs and health products","Remifentanil hydrochloride for injection 1 mg/vial","Product quality","Verify if your product is affected.Consult your healthcare provider prior to discontinuing use of the affected product(s), or for any health concerns.Contact the recalling firm if you have any questions about the recall.Report any health product&nbsp;related&nbsp;side effects&nbsp;to Health Canada.Report any other health product safety&nbsp;complaints&nbsp;to&nbsp;Health Canada.",Drugs,"Type II",2026-06-26,0
82255,"Amy's brand Organic Lentil Soup (Less Sodium) recalled due to container integrity defects and spoilage",https://recalls-rappels.canada.ca/en/alert-recall/amy-s-brand-organic-lentil-soup-less-sodium-recalled-due-container-integrity-defects,CFIA,"Organic Lentil Soup (Less Sodium)","Non harmful (quality or spoilage)",,Other,"Class 3",2026-06-26,0
82256,"Transport Canada Recall - 2026287 - FORD",https://recalls-rappels.canada.ca/en/alert-recall/transport-canada-recall-2026287-ford,TC,"SUV recalled by FORD","Lights And Instruments",,"Car - SUV",,2026-06-26,0
82257,"Transport Canada Recall - 2026288 - FORD",https://recalls-rappels.canada.ca/en/alert-recall/transport-canada-recall-2026288-ford,TC,"Light Truck & Van recalled by FORD","Lights And Instruments",,"Light Truck & Van",,2026-06-26,0
81861,"Baby Kithmas and Kids Kithmas Plaid Lounge Sets recalled due to flammability hazard ",https://recalls-rappels.canada.ca/en/alert-recall/baby-kithmas-and-kids-kithmas-plaid-lounge-sets-recalled-due-flammability-hazard,"Consumer product safety","Baby Kithmas and Kids Kithmas Plaid Lounge Sets","Flammability hazard","Consumers should immediately stop using the recalled Baby and Kids Kithmas Plaid Lounge Sets and provide Kith with images of product destroyed in exchange for full refund through a gift card.For more information, consumers can contact Kith Canada by email at recalls@kithnyc.com. They may also go to www.kith.com and look for the hyperlink at the bottom of the page for the recall or go directly to the recall page at www.kith.com/pages/recall.Joint recall with Health Canada, the United States Consumer Product Safety Commission (US CPSC) and Kith Canada.Please note that the Canada Consumer Product Safety Act prohibits recalled products from being redistributed, sold or even given away in Canada.Health Canada would like to remind consumers to report any health or safety incidents related to the use of this product or any other consumer product or cosmetic by filling out the Consumer Product Incident Report Form.This recall is also posted on the OECD Global Portal on Product Recalls website. You can visit this site for more information on other international consumer product recalls.",Clothing,,2026-06-25,0
81901,"Amana Through-the-Wall Air Conditioners or Heat Pumps recalled due to burn and fire hazard",https://recalls-rappels.canada.ca/en/alert-recall/amana-through-wall-air-conditioners-or-heat-pumps-recalled-due-burn-and-fire-hazard,"Consumer product safety","Amana Through-the-Wall Air Conditioners or Heat Pumps","Burn hazard - Fire hazard","Consumers should immediately stop using the recalled Amana Through-the-Wall Air Conditioners or Heat Pumps and contact Daikin Comfort Technologies for instructions to immediately shut down and unplug the product. Consumers will be instructed to cut the product’s cord and submit a photo of the cut cord, in front of the unit’s serial plate, in exchange for a full refund.For more information, consumers can contact&nbsp;Daikin Comfort Technologies&nbsp;by telephone&nbsp;toll-free at 855-812-8989 between 8:00 a.m. and 5:00 p.m. CT.&nbsp;Joint recall with Health Canada, the United States&nbsp;Consumer Product Safety Commission (US CPSC)&nbsp;and&nbsp;Daikin Comfort Technologies.Please note that the&nbsp;Canada Consumer Product Safety Act&nbsp;prohibits recalled products from being redistributed,&nbsp;sold&nbsp;or even given away in Canada.&nbsp;Health Canada would like to remind consumers to report any health or safety incidents related to the use of this product or any other consumer product or cosmetic by filling out the&nbsp;Consumer Product Incident Report Form.&nbsp;This recall is also posted on the&nbsp;OECD Global Portal on Product Recalls website.&nbsp;You can visit this site for more information on other international consumer product recalls.&nbsp;","Specialized products",,2026-06-25,0
82213,"Super Off-Road 12,000 mAh Solar Wireless Power Bank recalled due to fire hazard  ",https://recalls-rappels.canada.ca/en/alert-recall/super-road-12000-mah-solar-wireless-power-bank-recalled-due-fire-hazard,"Consumer product safety","Super Off-Road 12,000 mAh Solar Wireless Power Bank","Fire hazard","Consumers should immediately stop using the recalled product and visit the Spector and Co. website to register for a refund and receive disposal instructions.For more information, consumers can contact Spector and Co. by email at&nbsp; recall@spectorandco.com or visit the company website.Joint recall with Health Canada, the United States Consumer Product Safety Commission (US CPSC) and Spector and Co.Please note that the Canada Consumer Product Safety Act prohibits recalled products from being redistributed, sold or even given away in Canada.Health Canada would like to remind consumers to report any health or safety incidents related to the use of this product or any other consumer product or cosmetic by filling out the Consumer Product Incident Report Form.This recall is also posted on the OECD Global Portal on Product Recalls website. You can visit this site for more information on other international consumer product recalls.",Electronics,,2026-06-25,0
82251,"Spiriva Capsules ; Out-of-specification (uniformity of delivered dose)",https://recalls-rappels.canada.ca/en/alert-recall/spiriva-capsules-out-specification-uniformity-delivered-dose,"Drugs and health products","Spiriva 18mcg capsule","Product quality","Verify if your product is affected.Consult your healthcare provider prior to discontinuing use of the affected product(s), or for any health concerns.Contact the recalling firm if you have any questions about the recall.Report any health product&nbsp;related&nbsp;side effects&nbsp;to Health Canada.Report any other health product safety&nbsp;complaints&nbsp;to&nbsp;Health Canada.",Drugs,"Type III",2026-06-25,0
82243,"Izem Energy brand “Boisson énergisante gazeuse” recalled due to labelling issues",https://recalls-rappels.canada.ca/en/alert-recall/izem-energy-brand-boisson-energisante-gazeuse-recalled-due-labelling-issues,CFIA,"“Boisson énergisante gazeuse”","Labelling and packaging",,Non-alcoholic,"Class 2",2026-06-24,0
82246,"Argon Medical Devices L-Cath™ PICC and Midline Catheters",https://recalls-rappels.canada.ca/en/alert-recall/argon-medical-devices-cathtm-picc-and-midline-catheters,"Medical devices","Argon Medical Devices L-Cath™ PICC and Midline Catheters",Performance,,"General hospital and personal use","Type II",2026-06-24,0
82247,"UHI-4 High Flow Insufflation System - Insufflator",https://recalls-rappels.canada.ca/en/alert-recall/uhi-4-high-flow-insufflation-system-insufflator-0,"Medical devices","UHI-4 High Flow Insufflation System - Insufflator",Performance,,"General and plastic surgery","Type II",2026-06-24,0
82248,"Infinion™ CX Contact Lead Kit",https://recalls-rappels.canada.ca/en/alert-recall/infiniontm-cx-contact-lead-kit,"Medical devices","Infinion™ CX Contact Lead Kit",Performance,,Neurology,"Type II",2026-06-24,0
82242,"Hoffmann® II Carbon Connecting Rod",https://recalls-rappels.canada.ca/en/alert-recall/hoffmannr-ii-carbon-connecting-rod,"Medical devices","Hoffmann® II Carbon Connecting Rod",Performance,,Orthopaedics,"Type II",2026-06-23,0
82244,"A.T.S® 4000 TS Tourniquet Systems Single and Dual Hose with CPC Connectors",https://recalls-rappels.canada.ca/en/alert-recall/atsr-4000-ts-tourniquet-systems-single-and-dual-hose-cpc-connectors,"Medical devices","A.T.S® 4000 TS Tourniquet Systems Single and Dual Hose with CPC Connectors",Sterility,,"General and plastic surgery","Type II",2026-06-23,0
82245,"Optima XR240amx X-Ray System",https://recalls-rappels.canada.ca/en/alert-recall/optima-xr240amx-x-ray-system,"Medical devices","Optima XR240amx X-Ray System",Performance,,Radiology,"Type II",2026-06-23,0
82226,"Importation of Chinese-Authorized Ifosfamide for Injection due to the Current Shortage of Canadian-Authorized IFEX (Ifosfamide for Injection)",https://recalls-rappels.canada.ca/en/alert-recall/importation-chinese-authorized-ifosfamide-injection-due-current-shortage-canadian,"Marketed health products","Ifosfamide for Injection, 1 g per vial","Product safety - Supply - Labelling","See Key Messages above",Drugs,,2026-06-22,0
82229,"Portable Hook-On Chair recalled due to fall hazard",https://recalls-rappels.canada.ca/en/alert-recall/portable-hook-chair-recalled-due-fall-hazard,"Consumer product safety","Portable Hook-On Chair","Fall hazard","Consumers should immediately stop using the recalled product&nbsp;and contact PandaEar to receive a full refund.&nbsp;Consumers will be asked to disassemble the product, cut the restraint straps and fabric seat, and email PandaEar at&nbsp;pandaear_recall@outlook.com with photographs clearly showing the destroyed product and model label.For more information, consumers can contact PandaEar by email at&nbsp;pandaear_recall@outlook.com.Please note that the Canada Consumer Product Safety Act prohibits recalled products from being redistributed, sold or even given away in Canada.Health Canada would like to remind consumers to report any health or safety incidents related to the use of this product or any other consumer product or cosmetic by filling out the&nbsp;Consumer Product Incident Report Form.This recall is also posted on the&nbsp;OECD Global Portal on Product Recalls website. You can visit this site for more information on other international consumer product recalls.","Household items",,2026-06-22,0
82239,"CyberKnife® Treatment Delivery System",https://recalls-rappels.canada.ca/en/alert-recall/cyberknifer-treatment-delivery-system,"Medical devices","CyberKnife® Treatment Delivery System",Performance,,Radiology,"Type II",2026-06-22,0
82240,"Penumbra System RED 68 Reperfusion Catheter",https://recalls-rappels.canada.ca/en/alert-recall/penumbra-system-red-68-reperfusion-catheter,"Medical devices","Penumbra System RED 68 Reperfusion Catheter",Performance,,Cardiovascular,"Type II",2026-06-22,0
82241,"Gyrus ACMI® Classic Series Continuous Flow Resectoscope",https://recalls-rappels.canada.ca/en/alert-recall/gyrus-acmir-classic-series-continuous-flow-resectoscope,"Medical devices","Gyrus ACMI® Classic Series Continuous Flow Resectoscope",Sterility,,"General and plastic surgery","Type II",2026-06-22,0
82146,"Transport Canada Recall - 2026238 - HYUNDAI",https://recalls-rappels.canada.ca/en/alert-recall/transport-canada-recall-2026238-hyundai,TC,"Light Truck & Van recalled by HYUNDAI",Other,,"Light Truck & Van - SUV",,2026-06-19,0
82221,"FARADRIVE™ Steerable Sheath",https://recalls-rappels.canada.ca/en/alert-recall/faradrivetm-steerable-sheath,"Medical devices","FARADRIVE™ Steerable Sheath","Labelling and packaging",,Cardiovascular,"Type II",2026-06-19,0
82228,"BD MaxPlus ™ Connector Minibore Extension Set",https://recalls-rappels.canada.ca/en/alert-recall/bd-maxplus-tm-connector-minibore-extension-set,"Medical devices","BD MaxPlus ™ Connector Minibore Extension Set",Sterility,,Dental,"Type I",2026-06-19,0
82236,"Wu Xian Zhai brand Soybean Snacks recalled due to undeclared wheat and / or egg",https://recalls-rappels.canada.ca/en/alert-recall/wu-xian-zhai-brand-soybean-snacks-recalled-due-undeclared-wheat-and-or-egg,CFIA,"Soybean Snacks","Egg - Wheat - Gluten","Check to see if you have recalled productsDo not consume recalled products to which you are allergic or sensitive as they may cause a serious or life-threatening reactionIf you have celiac disease or other gluten-related disorders, do not consume the recalled product(s) as it/they may cause a serious or life-threatening reactionDo not serve, use, sell or distribute recalled productsRecalled products should be thrown out or returned to the location where they were purchasedLearn more:Learn more about common food allergiesSign up for recall notifications by email and follow us on social mediaView our detailed explanation of the food safety investigation and recall processReport a food safety or labelling concern","Candy, confectionary, snacks and sweeteners","Class 1",2026-06-19,0
82237,"Transport Canada Recall - 2026279 - FORD",https://recalls-rappels.canada.ca/en/alert-recall/transport-canada-recall-2026279-ford,TC,"SUV recalled by FORD",Other,,SUV,,2026-06-19,0
82238,"Transport Canada Recall - 2026286 - FORD",https://recalls-rappels.canada.ca/en/alert-recall/transport-canada-recall-2026286-ford,TC,"Light Truck & Van recalled by FORD","Lights And Instruments",,"Light Truck & Van",,2026-06-19,0
82114,"Transport Canada Recall - 2026241 - TOYOTA",https://recalls-rappels.canada.ca/en/alert-recall/transport-canada-recall-2026241-toyota,TC,"Light Truck & Van recalled by TOYOTA",Engine,,"Light Truck & Van - SUV",,2026-06-18,0
82207,"Joolz Aer2 Car Seat Adapter Set recalled due to fall hazard",https://recalls-rappels.canada.ca/en/alert-recall/joolz-aer2-car-seat-adapter-set-recalled-due-fall-hazard,"Consumer product safety","Joolz Aer2 Car Seat Adapter Set","Fall hazard","Consumers should immediately stop using the recalled product and visit&nbsp;www.joolzcarseatadapter.expertinquiry.com to register for the recall and be given instructions to return the product for a refund.For more information, consumers can contact Joolz partner Sedgwick by telephone at 1-888-943-4889, 8 a.m. to 5 p.m. ET, Monday to Friday or by visiting the company website.Joint recall with Health Canada, the United States Consumer Product Safety Commission (US CPSC) and Joolz USA Inc.Please note that the Canada Consumer Product Safety Act prohibits recalled products from being redistributed, sold or even given away in Canada.Health Canada would like to remind consumers to report any health or safety incidents related to the use of this product or any other consumer product or cosmetic by filling out the&nbsp;Consumer Product Incident Report Form.This recall is also posted on the&nbsp;OECD Global Portal on Product Recalls website. You can visit this site for more information on other international consumer product recalls.","Household items",,2026-06-18,0
82210,"Arizer Solo III Intergalactic (Black) Portable Vaporizers recalled due to fire and burn hazards ",https://recalls-rappels.canada.ca/en/alert-recall/arizer-solo-iii-intergalactic-black-portable-vaporizers-recalled-due-fire-and-burn,"Consumer product safety","Arizer Solo III Intergalactic (Black) Portable Vaporizers","Fire hazard - Burn hazard","Consumers should immediately stop using the recalled product and contact 7111495 Canada Inc. for a free replacement.For more information, consumers can contact&nbsp;7111495 Canada Inc. by telephone at&nbsp;1-888-291-0521, Monday to Friday 9:00 a.m. to 5:00 p.m. EST, by email at&nbsp;recall@arizer.com or visit the&nbsp;company website.Joint recall with Health Canada, the United States Consumer Product Safety Commission (US CPSC) and 7111495 Canada Inc.Please note that the Canada Consumer Product Safety Act prohibits recalled products from being redistributed, sold or even given away in Canada.Health Canada would like to remind consumers to report any health or safety incidents related to the use of this product or any other consumer product or cosmetic by filling out the&nbsp;Consumer Product Incident Report Form.This recall is also posted on the&nbsp;OECD Global Portal on Product Recalls website. You can visit this site for more information on other international consumer product recalls.",Electronics,,2026-06-18,0
82219,"MED-RX Wound Care Kit",https://recalls-rappels.canada.ca/en/alert-recall/med-rx-wound-care-kit,"Medical devices","MED-RX Wound Care Kit",Sterility,,"General hospital and personal use","Type II",2026-06-18,0
82220,"Atellica CH Enzymatic Hemoglobin A1c (A1c_E) assay ",https://recalls-rappels.canada.ca/en/alert-recall/atellica-ch-enzymatic-hemoglobin-a1c-a1ce-assay,"Medical devices","Atellica CH Enzymatic Hemoglobin A1c (A1c_E) assay ",Performance,,Chemistry,"Type II",2026-06-18,0
82094,"Expanded recall: U Kids We Love Cozy 2-piece Pajamas Sets and Lounge Pants recalled due to flammability Hazard ",https://recalls-rappels.canada.ca/en/alert-recall/expanded-recall-u-kids-we-love-cozy-2-piece-pajamas-sets-and-lounge-pants-recalled-due,"Consumer product safety","U Kids We Love Cozy 2-piece Pajamas Sets and Lounge Pants","Flammability hazard","Consumers should immediately stop using the recalled products return them to an Urban Kids or Urban Planet store for a refund.For more information, consumers can contact YM Inc. by telephone at 1-866-717-7008, from 9 a.m. to 5 pm ET, Monday though Friday, by email at customerservice@yminc.ca, or visit the company’s website.Please note that the Canada Consumer Product Safety Act prohibits recalled products from being redistributed, sold or even given away in Canada.Health Canada would like to remind consumers to report any health or safety incidents related to the use of this product or any other consumer product or cosmetic by filling out the Consumer Product Incident Report Form.This recall is also posted on the OECD Global Portal on Product Recalls website. You can visit this site for more information on other international consumer product recalls.",Clothing,,2026-06-17,0
82197,"HALYARD* PUREZERO* Ultraviolet* Nitrile Exam Gloves",https://recalls-rappels.canada.ca/en/alert-recall/halyard-purezero-ultraviolet-nitrile-exam-gloves,"Medical devices","HALYARD* PUREZERO* Ultraviolet* Nitrile Exam Gloves",Performance,,"General hospital and personal use","Type II",2026-06-17,0
82215,"CorNeat KPro",https://recalls-rappels.canada.ca/en/alert-recall/corneat-kpro,"Medical devices","CorNeat KPro",Performance,,Ophthalmology,"Type II",2026-06-17,0
82216,"ARTIS icono ceiling",https://recalls-rappels.canada.ca/en/alert-recall/artis-icono-ceiling-0,"Medical devices","ARTIS icono ceiling","Device compatibility",,Radiology,"Type II",2026-06-17,0
82217,"Single Use Distal Cover",https://recalls-rappels.canada.ca/en/alert-recall/single-use-distal-cover-0,"Medical devices","Single Use Distal Cover",Performance,,Orthopaedics,"Type II",2026-06-17,0
82218,"Plum™ Precision IV Pumps",https://recalls-rappels.canada.ca/en/alert-recall/plumtm-precision-iv-pumps,"Medical devices","Plum™ Precision IV Pumps",Performance,,"General hospital and personal use","Type II",2026-06-17,0
82223,"Ernest Cider brand Sangria Cider recalled due to yeast",https://recalls-rappels.canada.ca/en/alert-recall/ernest-cider-brand-sangria-cider-recalled-due-yeast,CFIA,"Sangria Cider","Non harmful (quality or spoilage)",,Alcoholic,"Class 3",2026-06-17,0
82227,"Polyflex powder for suspension; Cracked vials",https://recalls-rappels.canada.ca/en/alert-recall/polyflex-powder-suspension-cracked-vials,"Drugs and health products","Polyflex 25 g/vial powder for suspension","Product quality","Verify if your product is affected.Consult your healthcare provider prior to discontinuing use of the affected product(s), or for any health concerns.Contact the recalling firm if you have any questions about the recall.Report any health product&nbsp;related&nbsp;side effects&nbsp;to Health Canada.Report any other health product safety&nbsp;complaints&nbsp;to&nbsp;Health Canada.","Veterinary drugs","Type II",2026-06-17,0
82231,"Transport Canada Recall - 2026268 - JAYCO",https://recalls-rappels.canada.ca/en/alert-recall/transport-canada-recall-2026268-jayco,TC,"Motorhome recalled by JAYCO","Lights And Instruments",,Motorhome,,2026-06-17,0
82232,"Transport Canada Recall - 2026269 - JAYCO",https://recalls-rappels.canada.ca/en/alert-recall/transport-canada-recall-2026269-jayco,TC,"Motorhome recalled by JAYCO","Lights And Instruments",,Motorhome,,2026-06-17,0
82233,"Transport Canada Recall - 2026270 - ALTEC INDUSTRIES",https://recalls-rappels.canada.ca/en/alert-recall/transport-canada-recall-2026270-altec-industries,TC,"Equipment recalled by ALTEC INDUSTRIES",Electrical,,Equipment,,2026-06-17,0
82234,"Transport Canada Recall - 2026274 - HONDA",https://recalls-rappels.canada.ca/en/alert-recall/transport-canada-recall-2026274-honda,TC,"Car recalled by HONDA",Other,,"Car - SUV",,2026-06-17,0
82235,"Transport Canada Recall - 2026277 - VERMEER",https://recalls-rappels.canada.ca/en/alert-recall/transport-canada-recall-2026277-vermeer,TC,"Equipment recalled by VERMEER",Structure,,Equipment,,2026-06-17,0
82212,"GE Healthcare Integrated and Stand-Alone Resuscitation systems",https://recalls-rappels.canada.ca/en/alert-recall/ge-healthcare-integrated-and-stand-alone-resuscitation-systems,"Medical devices","GE Healthcare Integrated and Stand-Alone Resuscitation systems",Performance,,"General hospital and personal use","Type II",2026-06-16,0
82214,"Unauthorized soft-shelled hyperbaric chambers may pose serious health risks 2026-06-16",https://recalls-rappels.canada.ca/en/alert-recall/unauthorized-soft-shelled-hyperbaric-chambers-may-pose-serious-health-risks-2026-06-16,"Communications and Public Affairs Branch","Unauthorized soft-shelled hyperbaric chambers","Unauthorised device","Do not use soft-shelled hyperbaric chambers.Consult a healthcare practitioner if you have used a soft-shelled hyperbaric chamber and you have concerns about your health.Only use licensed medical devices. Check whether medical devices have been authorized for sale in Canada by searching Health Canada's&nbsp;Medical Devices Active Licence Listing.Report complaints involving&nbsp;medical devices, including health complications or the sale of unlicensed devices, to Health Canada.","Medical devices",,2026-06-16,0
82222,"Lancora Tablets; Broken / partial tablets in blister pack",https://recalls-rappels.canada.ca/en/alert-recall/lancora-tablets-broken-partial-tablets-blister-pack,"Drugs and health products","Lancora 5 mg tablet","Product quality","Verify if your product is affected.Consult your healthcare provider prior to discontinuing use of the affected product(s), or for any health concerns.Contact the recalling firm if you have any questions about the recall.Report any health product&nbsp;related&nbsp;side effects&nbsp;to Health Canada.Report any other health product safety&nbsp;complaints&nbsp;to&nbsp;Health Canada.",Drugs,"Type III",2026-06-16,0
82230,"Transport Canada Recall - 2026297 - ALLIANCE RV",https://recalls-rappels.canada.ca/en/alert-recall/transport-canada-recall-2026297-alliance-rv,TC,"RV Trailer recalled by ALLIANCE RV",Suspension,,"RV Trailer",,2026-06-16,0
82225,"Transport Canada Recall - 2026267 - PIAGGIO GROUP",https://recalls-rappels.canada.ca/en/alert-recall/transport-canada-recall-2026267-piaggio-group,TC,"Minibike/ Moped /Scooter recalled by PIAGGIO GROUP","Visual System",,"Minibike/ Moped /Scooter",,2026-06-15,0
82179,"Transport Canada Recall - 2026264 - ARBOC SPECIALTY VEHICLES",https://recalls-rappels.canada.ca/en/alert-recall/transport-canada-recall-2026264-arboc-specialty-vehicles,TC,"Bus recalled by ARBOC SPECIALTY VEHICLES","Seats And Restraints",,Bus,,2026-06-12,0
82198,"Lactantia brand UltraPūr 2% M.F. Lactose Free Dairy Product recalled due to over-fortification of Vitamins A and D",https://recalls-rappels.canada.ca/en/alert-recall/lactantia-brand-ultrapur-2-mf-lactose-free-dairy-product-recalled-due-over,CFIA,"UltraPūr 2% M.F. Lactose Free Dairy Product",Nutrition,"If you think you became sick from consuming a recalled product, contact your healthcare providerCheck to see if you have recalled productsDo not consume, serve, use, sell, or distribute recalled productsRecalled products should be thrown out or returned to the location where they were purchasedLearn more:Sign up for recall notifications by email and follow us on social mediaView our detailed explanation of the food safety investigation and recall processReport a food safety or labelling concern",Dairy,"Class 2",2026-06-12,0
82209,"Transport Canada Recall - 2026263 - FOREST RIVER",https://recalls-rappels.canada.ca/en/alert-recall/transport-canada-recall-2026263-forest-river,TC,"RV Trailer recalled by FOREST RIVER",Electrical,,"RV Trailer",,2026-06-12,0
75122,"Transport Canada Recall - 2024084 - FORD",https://recalls-rappels.canada.ca/en/alert-recall/transport-canada-recall-2024084-ford,TC,"SUV recalled by FORD","Seats And Restraints",,SUV,,2026-06-11,0
77235,"Transport Canada Recall - 2025164 - FORD",https://recalls-rappels.canada.ca/en/alert-recall/transport-canada-recall-2025164-ford,TC,"SUV recalled by FORD","Seats And Restraints",,SUV,,2026-06-11,0
82184,"​​Tip Restraint Kits included in Childcraft Furniture recalled ​due to tip-over and entrapment hazards to children ",https://recalls-rappels.canada.ca/en/alert-recall/tip-restraint-kits-included-childcraft-furniture-recalled-due-tip-over-and-entrapment,"Consumer product safety","Plastic Tip Restraint Kits included in Childcraft Furniture","Entrapment hazard - Tip-over hazard","Consumers should immediately stop using the recalled product and contact School Specialty to obtain a free replacement tip restraint kit made of stainless steel. Consumers should keep children away from the unit while waiting for a replacement tip restraint kit and should dispose of the recalled tip restraint in their household trash once they have installed the replacement tip restraint.For more information, consumers can contact School Specialty by telephone at 1-866-588-6951, from 8 a.m. to 5 p.m. CT Monday through Friday, by email at&nbsp;compliance@schoolspecialty.com or on the company's website.Please note that the Canada Consumer Product Safety Act prohibits recalled products from being redistributed, sold or even given away in Canada.Health Canada would like to remind consumers to report any health or safety incidents related to the use of this product or any other consumer product or cosmetic by filling out the&nbsp;Consumer Product Incident Report Form.This recall is also posted on the&nbsp;OECD Global Portal on Product Recalls website. You can visit this site for more information on other international consumer product recalls.","Household items",,2026-06-11,0
82195,"Aptima HIV Quant Dx Assay, HCV Quant Dx Assay, and HBV Quant Assay Software",https://recalls-rappels.canada.ca/en/alert-recall/aptima-hiv-quant-dx-assay-hcv-quant-dx-assay-and-hbv-quant-assay-software,"Medical devices","Aptima HIV Quant Dx Assay, HCV Quant Dx Assay, and HBV Quant Assay Software","Unauthorised device",,Immunology,"Type II",2026-06-11,0
82196,"ETMS 70 mm Cooled Coil",https://recalls-rappels.canada.ca/en/alert-recall/etms-70-mm-cooled-coil,"Medical devices","ETMS 70 mm Cooled Coil",Performance,,Anaesthesiology,"Type II",2026-06-11,0
82208,"Transport Canada Recall - 2026261 - TOYOTA",https://recalls-rappels.canada.ca/en/alert-recall/transport-canada-recall-2026261-toyota,TC,"Car recalled by TOYOTA","Visual System",,"Car - SUV",,2026-06-11,0
77210,"Transport Canada Recall - 2025151 - PACCAR",https://recalls-rappels.canada.ca/en/alert-recall/transport-canada-recall-2025151-paccar,TC,"Truck - Med. & H.D. recalled by PACCAR","High Voltage",,"Truck - Med. & H.D.",,2026-06-10,0
82186,"Health Canada warns that COHEALI Wooden Pacifier Clip for baby previously available on Amazon.ca may pose a risk of choking",https://recalls-rappels.canada.ca/en/alert-recall/health-canada-warns-coheali-wooden-pacifier-clip-baby-previously-available-amazonca,"Consumer product safety","COHEALI Wooden Pacifier Clip for baby","Choking hazard","Consumers who have this affected product should immediately stop using it and safely dispose of the item in such a way that it cannot be used again.Regularly check the&nbsp;Healthy Canadians Recalls and Safety Alerts database&nbsp;for dangerous products and take action to remove items of concern.Health Canada would like to remind consumers to report any health or safety incidents related to the use of these products or any other consumer product or cosmetic by filling out the&nbsp;Consumer Product Incident Report Form.&nbsp;Related linksBuying consumer products onlineOnline consumer product guidesStay connected with Health Canada and receive the latest advisories and product recalls using&nbsp;social media&nbsp;tools.",Other,,2026-06-10,0
82187,"CannaPiece Corp. recalls Wild West 96+ Strawberry Stampede Liquid Diamonds 510 Vape due to a labelling issue",https://recalls-rappels.canada.ca/en/alert-recall/cannapiece-corp-recalls-wild-west-96-strawberry-stampede-liquid-diamonds-510-vape-due,"Controlled substances and cannabis","Wild West 96+ Strawberry Stampede Liquid Diamonds 510 Vape Cannabis Extract","Labelling and packaging","Check to see if your products are affected.Contact the store where you bought the products if you wish to return them.Report any health or safety complaints you have about these or other cannabis products by filling out the Cannabis Reporting Form online.",Cannabis,,2026-06-10,0
82193,"Nicotine Pouch Recall; No market authorization",https://recalls-rappels.canada.ca/en/alert-recall/nicotine-pouch-recall-no-market-authorization,"Drugs and health products","Nicotine Pouch","Unauthorized product","Verify if your product is affected.Consult your healthcare provider prior to discontinuing use of the affected product(s), or for any health concerns.Contact the recalling firm if you have any questions about the recall.Report any health product&nbsp;related&nbsp;side effects&nbsp;to Health Canada.Report any other health product safety&nbsp;complaints&nbsp;to&nbsp;Health Canada.",Drugs,"Type II",2026-06-10,0
82194,"Selenia Dimensions 2D/3D Mammography Systems",https://recalls-rappels.canada.ca/en/alert-recall/selenia-dimensions-2d3d-mammography-systems,"Medical devices","Selenia Dimensions 2D/3D Mammography Systems",Performance,,Radiology,"Type II",2026-06-10,0
82199,"Transport Canada Recall - 2026256 - PACCAR",https://recalls-rappels.canada.ca/en/alert-recall/transport-canada-recall-2026256-paccar,TC,"Truck - Med. & H.D. recalled by PACCAR","High Voltage",,"Truck - Med. & H.D.",,2026-06-10,0
82200,"Transport Canada Recall - 2026257 - FORD",https://recalls-rappels.canada.ca/en/alert-recall/transport-canada-recall-2026257-ford,TC,"SUV recalled by FORD","Seats And Restraints",,SUV,,2026-06-10,0
82201,"Transport Canada Recall - 2026260 - GENERAL MOTORS",https://recalls-rappels.canada.ca/en/alert-recall/transport-canada-recall-2026260-general-motors,TC,"Light Truck & Van recalled by GENERAL MOTORS",Powertrain,,"Chassis Cab - Light Truck & Van",,2026-06-10,0
82202,"Transport Canada Recall - 2026262 - VOLVO TRUCKS",https://recalls-rappels.canada.ca/en/alert-recall/transport-canada-recall-2026262-volvo-trucks,TC,"Truck - Med. & H.D. recalled by VOLVO TRUCKS",Wheels,,"Truck - Med. & H.D.",,2026-06-10,0
82203,"Transport Canada Recall - 2026265 - MACK",https://recalls-rappels.canada.ca/en/alert-recall/transport-canada-recall-2026265-mack,TC,"Truck - Med. & H.D. recalled by MACK",Wheels,,"Truck - Med. & H.D.",,2026-06-10,0
82205,"Transport Canada Recall - 2026272 - FIAT CHRYSLER AUTOMOBILES",https://recalls-rappels.canada.ca/en/alert-recall/transport-canada-recall-2026272-fiat-chrysler-automobiles,TC,"Minivan recalled by FIAT CHRYSLER AUTOMOBILES","High Voltage",,Minivan,,2026-06-10,0
82206,"Transport Canada Recall - 2026275 - HONDA",https://recalls-rappels.canada.ca/en/alert-recall/transport-canada-recall-2026275-honda,TC,"SUV recalled by HONDA",Structure,,"Light Truck & Van - SUV",,2026-06-10,0
81983,"Expanded recall: Plush robes with various prints recalled due to flammability hazard",https://recalls-rappels.canada.ca/en/alert-recall/expanded-recall-plush-robes-various-prints-recalled-due-flammability-hazard,"Consumer product safety","Souris Mini - Plush robes with various prints ","Flammability hazard","Consumers should immediately stop using the recalled product and contact Groupe Souris Mini inc.For more information, consumers can contact Groupe Souris Mini by telephone at 418-524-6464 ext 304, Monday to Friday, from 8:00am to 4:30 pm, by email at serviceclientele@sourismini.com or visit the company’s website.Please note that the Canada Consumer Product Safety Act prohibits recalled products from being redistributed, sold or even given away in Canada.Health Canada would like to remind consumers to report any health or safety incidents related to the use of this product or any other consumer product or cosmetic by filling out the Consumer Product Incident Report Form.This recall is also posted on the OECD Global Portal on Product Recalls website. You can visit this site for more information on other international consumer product recalls.",Clothing,,2026-06-09,0
81985,"Expanded recall: Nightgowns with various prints recalled due to flammability hazard",https://recalls-rappels.canada.ca/en/alert-recall/expanded-recall-nightgowns-various-prints-recalled-due-flammability-hazard,"Consumer product safety","Souris Mini - Nightgowns with various prints","Flammability hazard","Consumers should immediately stop using the recalled products and contact Groupe Souris Mini inc.  For more information, consumers can contact Groupe Souris Mini by telephone at 418-524-6464 ext 304, Monday to Friday, from 8:00am to 4:30 pm, by email at serviceclientele@sourismini.com or visit the company’s website.Please note that the Canada Consumer Product Safety Act prohibits recalled products from being redistributed, sold or even given away in Canada.Health Canada would like to remind consumers to report any health or safety incidents related to the use of this product or any other consumer product or cosmetic by filling out the Consumer Product Incident Report Form.This recall is also posted on the OECD Global Portal on Product Recalls website. You can visit this site for more information on other international consumer product recalls.",Clothing,,2026-06-09,0
82174,"Wiifo Children’s Tower Stools recalled due to fall and entrapment hazards",https://recalls-rappels.canada.ca/en/alert-recall/wiifo-children-s-tower-stools-recalled-due-fall-and-entrapment-hazards,"Consumer product safety","Wiifo Children’s Tower Stools","Fall hazard - Entrapment hazard","Consumers should immediately stop using the recalled product and contact Wiifo for a refund. Consumers will be asked to destroy the stool by disassembling it and send a photo of the destroyed stool to support@wiifo.net. Consumers should then dispose of the destroyed product.For more information, consumers can contact Wiifo by email at support@wiifo.net or visit the company website.Please note that the Canada Consumer Product Safety Act prohibits recalled products from being redistributed, sold or even given away in Canada.Health Canada would like to remind consumers to report any health or safety incidents related to the use of this product or any other consumer product or cosmetic by filling out the Consumer Product Incident Report Form.This recall is also posted on the OECD Global Portal on Product Recalls website. You can visit this site for more information on other international consumer product recalls.","Toys and games",,2026-06-09,0
82180,"​​Urban Shades Roller Shades​ recalled due to strangulation hazard  ",https://recalls-rappels.canada.ca/en/alert-recall/urban-shades-roller-shades-recalled-due-strangulation-hazard,"Consumer product safety","Roller Shades","Strangulation hazard","Consumers&nbsp;should&nbsp;immediately&nbsp;stop using the recalled product, keep it out of reach of children and contact Urban Shades for repair instructions.For more information, consumers can contact&nbsp;Urban Shades&nbsp;by telephone&nbsp;at&nbsp;289-201-2071,&nbsp;10 am to 6 pm EST,&nbsp;Monday to Friday or 12 pm to 4 pm EST on Saturday or&nbsp;by email at&nbsp;info@urbanshades.com.Please note that the Canada Consumer Product Safety Act prohibits recalled products from being redistributed,&nbsp;sold&nbsp;or even given away in Canada.&nbsp;Health Canada would like to remind consumers to report any health or safety incidents related to the use of this product or any other consumer product or cosmetic by filling out the&nbsp;Consumer Product Incident Report Form.This recall is also posted on the&nbsp;OECD Global Portal on Product Recalls website.&nbsp;You can visit this site for more information on other international consumer product recalls.","Household items",,2026-06-09,0
82183,"Allo simonne brand Milk Chocolate Spread recalled due to pieces of glass",https://recalls-rappels.canada.ca/en/alert-recall/allo-simonne-brand-milk-chocolate-spread-recalled-due-pieces-glass,CFIA,"Milk Chocolate Spread","Extraneous Material",,"Candy, confectionary, snacks and sweeteners","Class 2",2026-06-09,0
82185,"Guedel Airway",https://recalls-rappels.canada.ca/en/alert-recall/guedel-airway-0,"Medical devices","Guedel Airway",Performance,,Anaesthesiology,"Type I",2026-06-09,0
81968,"Transport Canada Recall - 2026185 - HYUNDAI",https://recalls-rappels.canada.ca/en/alert-recall/transport-canada-recall-2026185-hyundai,TC,"Car recalled by HYUNDAI","Fuel System",,"Car - SUV",,2026-06-08,0
82181,"Baxter Corporation products recall; Blue cap breakage",https://recalls-rappels.canada.ca/en/alert-recall/baxter-corporation-products-recall-blue-cap-breakage,"Drugs and health products","Sodium chloride injection; Sodium chloride Irrigation; (20 mmol/L) Potassium chloride in 5% Dextrose and 0.9% Sodium chloride injection; Lactated Ringer's injection",Packaging,"Verify if your product is affected.Consult your healthcare provider prior to discontinuing use of the affected product(s), or for any health concerns.Contact the recalling firm if you have any questions about the recall.Report any health product&nbsp;related&nbsp;side effects&nbsp;to Health Canada.Report any other health product safety&nbsp;complaints&nbsp;to&nbsp;Health Canada.",Drugs,"Type III",2026-06-08,0
82182,"PMS-Fluconazole 50 mg tablets; Incorrect quantity of tablets",https://recalls-rappels.canada.ca/en/alert-recall/pms-fluconazole-50-mg-tablets-incorrect-quantity-tablets,"Drugs and health products","PMS-Fluconazole 50 mg tablets",Packaging,"Verify if your product is affected.Consult your healthcare provider prior to discontinuing use of the affected product(s), or for any health concerns.Contact the recalling firm if you have any questions about the recall.Report any health product&nbsp;related&nbsp;side effects&nbsp;to Health Canada.Report any other health product safety&nbsp;complaints&nbsp;to&nbsp;Health Canada.",Drugs,"Type III",2026-06-08,0
82188,"Transport Canada Recall - 2026253 - TRUCK MASTER MANUFACTURING & EQUIPMENT LTD.",https://recalls-rappels.canada.ca/en/alert-recall/transport-canada-recall-2026253-truck-master-manufacturing-equipment-ltd,TC,"Truck - Med. & H.D. recalled by TRUCK MASTER MANUFACTURING & EQUIPMENT LTD.",Label,,"Chassis Cab - Truck - Med. & H.D.",,2026-06-08,0
82189,"Transport Canada Recall - 2026255 - FOREST RIVER",https://recalls-rappels.canada.ca/en/alert-recall/transport-canada-recall-2026255-forest-river,TC,"RV Trailer recalled by FOREST RIVER",Suspension,,"RV Trailer",,2026-06-08,0
82190,"Transport Canada Recall - 2026258 - FORD",https://recalls-rappels.canada.ca/en/alert-recall/transport-canada-recall-2026258-ford,TC,"SUV recalled by FORD",Engine,,"SUV - Light Truck & Van",,2026-06-08,0
82191,"Transport Canada Recall - 2026259 - FORD",https://recalls-rappels.canada.ca/en/alert-recall/transport-canada-recall-2026259-ford,TC,"Light Truck & Van recalled by FORD",Suspension,,"SUV - Light Truck & Van",,2026-06-08,0
82192,"Transport Canada Recall - 2026276 - GRAND DESIGN RV",https://recalls-rappels.canada.ca/en/alert-recall/transport-canada-recall-2026276-grand-design-rv,TC,"RV Trailer recalled by GRAND DESIGN RV",Suspension,,"RV Trailer",,2026-06-08,0
81423,"Tako Wasabi products recalled due to undeclared fish",https://recalls-rappels.canada.ca/en/alert-recall/tako-wasabi-products-recalled-due-undeclared-fish,CFIA,"Tako Wasabi - Wasabi Flavoured Octopus, Seasoned Octopus with Wasabi Sauce (Tako Wasabi)",Fish,"Check to see if you have recalled productsDo not consume recalled products to which you are allergic or sensitive as they may cause a serious or life-threatening reactionDo not serve, use, sell or distribute recalled productsRecalled products should be thrown out or returned to the location where they were purchasedLearn more:Learn more about common food allergiesSign up for recall notifications by email and follow us on social mediaView our detailed explanation of the food safety investigation and recall processReport a food safety or labelling concern",Processed,"Class 1",2026-06-05,0
82150,"​​Steambow Archery AR-Series Laser Sight (Green)​ recalled due to eye injury hazard  ",https://recalls-rappels.canada.ca/en/alert-recall/steambow-archery-ar-series-laser-sight-green-recalled-due-eye-injury-hazard,"Consumer product safety","Steambow Archery AR-Series Laser Sight","Injury hazard","Consumers should immediately stop using the recalled product and return it to Leapfrog Outdoor Sports and Apparel for a refund.For more information, consumers can contact Leapfrog Outdoor Sports and Apparel by telephone at 587-486-0563, Tuesday to Friday from 10:00-17:00 MST, by email at info@leapfrogoutdoor.ca or visit the company website.Please note that the Canada Consumer Product Safety Act prohibits recalled products from being redistributed,&nbsp;sold&nbsp;or even given away in Canada.Health Canada would like to remind consumers to report any health or safety incidents related to the use of this product or any other consumer product or cosmetic by filling out the&nbsp;Consumer Product Incident Report Form.This recall is also posted on the&nbsp;OECD Global Portal on Product Recalls website.&nbsp;You can visit this site for more information on other international consumer product recalls.",Electronics,,2026-06-05,0
82151,"​​HJ Window Roller Blind​ recalled due to strangulation hazard",https://recalls-rappels.canada.ca/en/alert-recall/hj-window-roller-blind-recalled-due-strangulation-hazard,"Consumer product safety","Window Roller Blind","Strangulation hazard","Consumers should immediately stop using the recalled product, keep it out of reach of children and dispose of it or return to Panda Mart for a refund. For more information, consumers can contact Panda Mart by telephone at (416) 757-5557, operating Monday to Sunday from 9 am to 9 pm EST, by email at info@pandamartcanada.ca or visit the company website.Please note that the Canada Consumer Product Safety Act prohibits recalled products from being redistributed, sold or even given away in Canada.Health Canada would like to remind consumers to report any health or safety incidents related to the use of this product or any other consumer product or cosmetic by filling out the Consumer Product Incident Report Form.This recall is also posted on the OECD Global Portal on Product Recalls website. You can visit this site for more information on other international consumer product recalls.","Household items",,2026-06-05,0
82162,"​Safrax ODOR-CLO2 Chlorine Dioxide Odor Removal- Air Freshener & Deodorizer​ recalled due to improper labelling and lack of child-resistant packaging",https://recalls-rappels.canada.ca/en/alert-recall/safrax-odor-clo2-chlorine-dioxide-odor-removal-air-freshener-deodorizer-recalled-due,"Consumer product safety","ODOR-CLO2 Chlorine Dioxide Odor Removal- Air Freshener & Deodorizer","Labelling and packaging","Consumers should immediately stop using the recall product and dispose of it according to municipal hazardous waste guidelines.For more information, consumers can contact Utopia Distribute by telephone at 647-647-4597, 9 a.m. to 5 p.m. ET, Monday to Friday or by email at contact@utopiadistribute.com.Please note that the Canada Consumer Product Safety Act prohibits recalled products from being redistributed, sold or even given away in Canada.Health Canada would like to remind consumers to report any health or safety incidents related to the use of this product or any other consumer product or cosmetic by filling out the Consumer Product Incident Report Form.This recall is also posted on the OECD Global Portal on Product Recalls website. You can visit this site for more information on other international consumer product recalls.",Chemicals,,2026-06-05,0
82163,"Renpure Tea Tree & Rosemary Scalp Rebalancing Shampoo & Conditioner recalled due to microbial contamination ",https://recalls-rappels.canada.ca/en/alert-recall/renpure-tea-tree-rosemary-scalp-rebalancing-shampoo-conditioner-recalled-due-microbial,"Consumer product safety","Renpure Tea Tree & Rosemary Scalp Rebalancing Shampoo & Conditioner","Microbial hazard","Consumers should immediately stop using the recalled product and return it to Costco Wholesale Canada for a refund.For more information, consumers can contact MAV Beauty Brands by telephone at 1-888-224-8485, 9 am to 5 pm EST, Monday to Friday, or by email at customerservice@mavbeautybrands.com. Please note that, in addition to the requirements of the Cosmetic Regulations, the Food and Drugs Act (FDA) prohibits the sale of cosmetics that are either made with hazardous substances, or under unsanitary conditions, to users in Canada.Health Canada would like to remind consumers to report any health or safety incidents related to the use of this product or any other consumer product or cosmetic by filling out the Consumer Product Incident Report Form.This recall is also posted on the OECD Global Portal on Product Recalls website. You can visit this site for more information on other international consumer product recalls.","Beauty and personal care",,2026-06-05,0
82165,"Cosyland Kids Kitchen Step Stools recalled due to fall and entrapment hazards",https://recalls-rappels.canada.ca/en/alert-recall/cosyland-kids-kitchen-step-stools-recalled-due-fall-and-entrapment-hazards,"Consumer product safety","Cosyland Kids Kitchen Step Stools","Consumer products","Consumers should immediately stop using the recalled products and store them away from children until repaired. Contact Wan Yi for repair parts, which include protective nets, stabilizing feet, and installation instructions. The firm will mail the repair parts directly to consumers free of charge.For more information, consumers can contact Wan Yi&nbsp; by telephone at 866-677-3889, between 9 a.m. and 5 p.m. PT, Monday to Friday, by email at&nbsp;customerservice-ca@cosyland.com&nbsp;visit the company website at https://cosyland.com/en-ca/pages/recall&nbsp;or&nbsp;www.cosyland.com&nbsp;and click on “Product Recalls” at the top of the page for more information.Please note that the Canada Consumer Product Safety Act prohibits recalled products from being redistributed, sold or even given away in Canada.Health Canada would like to remind consumers to report any health or safety incidents related to the use of this product or any other consumer product or cosmetic by filling out the Consumer Product Incident Report Form.This recall is also posted on the OECD Global Portal on Product Recalls website. You can visit this site for more information on other international consumer product recalls.","Furniture and furnishings",,2026-06-05,0
82177,"Transport Canada Recall - 2026247 - KZ  RECREATIONAL VEHICLES",https://recalls-rappels.canada.ca/en/alert-recall/transport-canada-recall-2026247-kz-recreational-vehicles,TC,"RV Trailer recalled by KZ  RECREATIONAL VEHICLES",Suspension,,"RV Trailer",,2026-06-05,0
82178,"Transport Canada Recall - 2026251 - HONDA",https://recalls-rappels.canada.ca/en/alert-recall/transport-canada-recall-2026251-honda,TC,"SUV recalled by HONDA","Seats And Restraints",,"Minivan - Light Truck & Van - SUV - Car",,2026-06-05,0
81852,"Transport Canada Recall - 2026137 - NOVA BUS",https://recalls-rappels.canada.ca/en/alert-recall/transport-canada-recall-2026137-nova-bus,TC,"Bus recalled by NOVA BUS","Seats And Restraints",,Bus,,2026-06-04,0
82139,"Wyze Solar Cam Pan recalled due to burn and fire hazards",https://recalls-rappels.canada.ca/en/alert-recall/wyze-solar-cam-pan-recalled-due-burn-and-fire-hazards,"Consumer product safety","Wyze Solar Cam Pan","Burn hazard - Fire hazard","Consumers should immediately stop using the recalled Wyze Solar Cam Pan and visit the Wyze Labs Inc website&nbsp;for the company’s refund process. For more information, consumers can contact Wyze labs, Inc by telephone toll-free at 1-888-832-7226 from 8:00 a.m. to 6:00 p.m. PST Monday to Friday, by email at recall@wyze.com or visit the company website.Joint recall with Health Canada, the United States Consumer Product Safety Commission (US CPSC) and Wyze Labs, Inc.Please note that the Canada Consumer Product Safety Act prohibits recalled products from being redistributed, sold or even given away in Canada.Health Canada would like to remind consumers to report any health or safety incidents related to the use of this product or any other consumer product or cosmetic by filling out the Consumer Product Incident Report Form.This recall is also posted on the OECD Global Portal on Product Recalls website. You can visit this site for more information on other international consumer product recalls.","Audio visual and photography",,2026-06-04,0
82149,"​​Vornado SRTH Small Room Tower Heater​ recalled due to fire hazard  ",https://recalls-rappels.canada.ca/en/alert-recall/vornado-srth-small-room-tower-heater-recalled-due-fire-hazard,"Consumer product safety","Vornado SRTH Small Room Tower Heater","Fire hazard","Consumers&nbsp;should&nbsp;immediately&nbsp;stop using the recalled product and contact&nbsp;Vornado Air&nbsp;for&nbsp;a refund.For more information, consumers can contact&nbsp;Vornado&nbsp;Air&nbsp;by telephone&nbsp;at&nbsp;1-888-240-2768,&nbsp;from 8 a.m.&nbsp;to 5 p.m. CT, Monday to Friday, by email at&nbsp;srthrecall@vornado.com&nbsp;or visit&nbsp;the company's website.&nbsp;Joint recall with Health Canada, the United States Consumer Product Safety Commission (US CPSC)&nbsp;and Vornado Air.&nbsp;Please note that the Canada Consumer Product Safety Act prohibits recalled products from being redistributed,&nbsp;sold&nbsp;or even given away in Canada.Health Canada would like to remind consumers to report any health or safety incidents related to the use of this product or any other consumer product or cosmetic by filling out the&nbsp;Consumer Product Incident Report Form.This recall is also posted on the&nbsp;OECD Global Portal on Product Recalls website.&nbsp;You can visit this site for more information on other international consumer product recalls.",Electronics,,2026-06-04,0
82160,"Giraffe™ OmniBed™ Carestation™",https://recalls-rappels.canada.ca/en/alert-recall/giraffetm-omnibedtm-carestationtm,"Medical devices","Giraffe™ OmniBed™ Carestation™",Performance,,"General hospital and personal use","Type II",2026-06-04,0
82161,"Philips Allura Xper Systems",https://recalls-rappels.canada.ca/en/alert-recall/philips-allura-xper-systems,"Medical devices","Philips Allura Xper Systems",Performance,,Radiology,"Type II",2026-06-04,0
82164,"Harmony™ Delivery Catheter System",https://recalls-rappels.canada.ca/en/alert-recall/harmonytm-delivery-catheter-system,"Medical devices","Harmony™ Delivery Catheter System",Performance,,Cardiovascular,"Type II",2026-06-04,0
82175,"Transport Canada Recall - 2026250 - NISSAN",https://recalls-rappels.canada.ca/en/alert-recall/transport-canada-recall-2026250-nissan,TC,"SUV recalled by NISSAN","Lights And Instruments",,SUV,,2026-06-04,0
82176,"Transport Canada Recall - 2026254 - TIFFIN",https://recalls-rappels.canada.ca/en/alert-recall/transport-canada-recall-2026254-tiffin,TC,"Motorhome recalled by TIFFIN",Label,,Motorhome,,2026-06-04,0
82143,"Transport Canada Recall - 2026229 - FORD",https://recalls-rappels.canada.ca/en/alert-recall/transport-canada-recall-2026229-ford,TC,"SUV recalled by FORD",Structure,,SUV,,2026-06-03,0
82148,"​​Oster Kool-Lube and Oster Blade Wash​ recalled due to improper labelling",https://recalls-rappels.canada.ca/en/alert-recall/oster-kool-lube-and-oster-blade-wash-recalled-due-improper-labelling,"Consumer product safety","Oster Kool-Lube and Oster Blade Wash","Labelling and packaging","Consumers should immediately stop using the recalled product, keep it out of reach of children and dispose of it according to municipal hazardous waste guidelines. For more information, consumers can contact Sunbeam Products Inc. toll free at 1-800-667-8623 from 9 a.m. to 5 p.m. ET Monday through Friday, or the company website&nbsp;or http://www.osterpro.com and click on “Product Recalls” at the top of the page for more information.Please note that the Canada Consumer Product Safety Act prohibits recalled products from being redistributed, sold or even given away in Canada.Health Canada would like to remind consumers to report any health or safety incidents related to the use of this product or any other consumer product or cosmetic by filling out the Consumer Product Incident Report Form.This recall is also posted on the OECD Global Portal on Product Recalls website. You can visit this site for more information on other international consumer product recalls.",Chemicals,,2026-06-03,0
82155,"IceMan CLASSIC3™",https://recalls-rappels.canada.ca/en/alert-recall/iceman-classic3tm,"Medical devices","IceMan CLASSIC3™",Performance,,"Physical medicine","Type II",2026-06-03,0
82156,"BD Canada ChloraPrep product recall; Sterility concerns",https://recalls-rappels.canada.ca/en/alert-recall/bd-canada-chloraprep-product-recall-sterility-concerns,"Drugs and health products","ChloraPrep 1 mL and 1.5 mL Applicator - Clear","Product quality","Verify if your product is affected.Consult your healthcare provider prior to discontinuing use of the affected product(s), or for any health concerns.Contact the recalling firm if you have any questions about the recall.Report any health product&nbsp;related&nbsp;side effects&nbsp;to Health Canada.Report any other health product safety&nbsp;complaints&nbsp;to&nbsp;Health Canada.",Drugs,"Type II",2026-06-03,0
82157,IntelliCuff®,https://recalls-rappels.canada.ca/en/alert-recall/intellicuffr,"Medical devices",IntelliCuff®,Performance,,Anaesthesiology,"Type II",2026-06-03,0
82158,"Dexcom G7 Sensor 1 Pack",https://recalls-rappels.canada.ca/en/alert-recall/dexcom-g7-sensor-1-pack,"Medical devices","Dexcom G7 Sensor 1 Pack","Unauthorised device",,Chemistry,"Type II",2026-06-03,0
82159,"ARTIS Icono Ceiling, Floor and Biplane Systems",https://recalls-rappels.canada.ca/en/alert-recall/artis-icono-ceiling-floor-and-biplane-systems,"Medical devices","ARTIS Icono Ceiling, Floor and Biplane Systems",Performance,,Radiology,"Type II",2026-06-03,0
82166,"Transport Canada Recall - 2026236 - YAMAHA",https://recalls-rappels.canada.ca/en/alert-recall/transport-canada-recall-2026236-yamaha,TC,"Motorcycle recalled by YAMAHA","Lights And Instruments",,Motorcycle,,2026-06-03,0
82167,"Transport Canada Recall - 2026239 - TESLA",https://recalls-rappels.canada.ca/en/alert-recall/transport-canada-recall-2026239-tesla,TC,"SUV recalled by TESLA",Label,,SUV,,2026-06-03,0
82168,"Transport Canada Recall - 2026243 - DAIMLERCHRYSLER COMMERCIAL BUSES",https://recalls-rappels.canada.ca/en/alert-recall/transport-canada-recall-2026243-daimlerchrysler-commercial-buses,TC,"Bus recalled by DAIMLERCHRYSLER COMMERCIAL BUSES","Lights And Instruments",,Bus,,2026-06-03,0
82169,"Transport Canada Recall - 2026244 - FIAT CHRYSLER AUTOMOBILES",https://recalls-rappels.canada.ca/en/alert-recall/transport-canada-recall-2026244-fiat-chrysler-automobiles,TC,"SUV recalled by FIAT CHRYSLER AUTOMOBILES",Airbag,,SUV,,2026-06-03,0
82171,"Transport Canada Recall - 2026248 - ABC COMPANIES",https://recalls-rappels.canada.ca/en/alert-recall/transport-canada-recall-2026248-abc-companies,TC,"Bus recalled by ABC COMPANIES",Structure,,Bus,,2026-06-03,0
82172,"Transport Canada Recall - 2026249 - BENTLEY",https://recalls-rappels.canada.ca/en/alert-recall/transport-canada-recall-2026249-bentley,TC,"Car recalled by BENTLEY",Powertrain,,Car,,2026-06-03,0
82173,"Transport Canada Recall - 2026252 - BRINKLEY RV",https://recalls-rappels.canada.ca/en/alert-recall/transport-canada-recall-2026252-brinkley-rv,TC,"RV Trailer recalled by BRINKLEY RV",Suspension,,"RV Trailer",,2026-06-03,0
77755,"Kala Red Light Face Mask",https://recalls-rappels.canada.ca/en/alert-recall/kala-red-light-face-mask,"Medical devices","Kala Red Light Face Mask",Performance,,"Physical medicine","Type II",2026-06-02,0
82138,"Hybrid Infusions Ltd. recalls Champagne Supernova 3x0.5g Pre-Roll due to packaging and labelling issue",https://recalls-rappels.canada.ca/en/alert-recall/hybrid-infusions-ltd-recalls-champagne-supernova-3x05g-pre-roll-due-packaging-and,"Controlled substances and cannabis","Champagne Supernova 3x0.5g Pre-Roll, dried cannabis","Labelling and packaging","Check to see if your products are affected.Contact the store where you bought the product if you wish to return it.Report any health or safety complaints you have about these or other cannabis products by filling out the Cannabis Reporting Form online.",Cannabis,,2026-06-02,0
82140,"Omnipod® Insulin Management System - Omnipod®",https://recalls-rappels.canada.ca/en/alert-recall/omnipodr-insulin-management-system-omnipodr,"Medical devices","Omnipod® Insulin Management System - Omnipod®",Performance,,"General hospital and personal use - Gastroenterology and urology","Type I",2026-06-01,0
82152,"Transport Canada Recall - 2026240 - BLUE BIRD",https://recalls-rappels.canada.ca/en/alert-recall/transport-canada-recall-2026240-blue-bird,TC,"School Bus recalled by BLUE BIRD","Seats And Restraints",,"School Bus",,2026-06-01,0
82153,"Transport Canada Recall - 2026242 - VOLKSWAGEN",https://recalls-rappels.canada.ca/en/alert-recall/transport-canada-recall-2026242-volkswagen,TC,"SUV recalled by VOLKSWAGEN","Visual System",,SUV,,2026-06-01,0
82154,"Transport Canada Recall - 2026245 - GENERAL MOTORS",https://recalls-rappels.canada.ca/en/alert-recall/transport-canada-recall-2026245-general-motors,TC,"Light Truck & Van recalled by GENERAL MOTORS",Airbag,,"Light Truck & Van",,2026-06-01,0
73937,"Yes To brand cleanser, facial scrub and deep cleansing scrub recalled due to presence of plastic microbeads",https://recalls-rappels.canada.ca/en/alert-recall/yes-brand-cleanser-facial-scrub-and-deep-cleansing-scrub-recalled-due-presence-plastic,Consumer product safety,"“Yes To” brand tomatoes charcoal detoxifying daily cleanser, grapefruit daily facial scrub, and tomatoes detoxifying charcoal deep cleansing scrubs",Chemical hazard,"Consumers should immediately stop using the recalled product and return them to the store they bought the product from to ensure proper disposal. For more information, consumers can contact M.C.P McCaughey Consumer Products Management, Inc. by telephone at 1-866-627-8745, or by email at questions@mcptri.com, Monday to Friday between 9:00 a.m. to 5:00 p.m. EST. Health Canada would like to remind consumers to report any health or safety incidents related to the use of this product or any other consumer product or cosmetic by filling out the Consumer Product Incident Report Form.This recall is also posted on the OECD Global Portal on Product Recalls website. You can visit this site for more information on other international consumer product recalls.",Beauty and personal care,,2023-08-03,1
74352,Flikrfire personal Firepots recalled due to lack of appropriate labelling and hazard information,https://recalls-rappels.canada.ca/en/alert-recall/flikrfire-personal-firepots-recalled-due-lack-appropriate-labelling-and-hazard,Consumer product safety,Flikrfire Round Personal Fireplace and Flikrfire Square Personal Fireplace,Labelling and packaging,"Consumers who have these affected products should immediately stop using them and safely dispose of the items in such a way that they cannot be used again. For more information, consumers may contact Flikr LLC by email at&nbsp;info@flikrfire.com or visit the company website.&nbsp;Please note that the Canada Consumer Product Safety Act prohibits recalled products from being redistributed, sold or even given away in Canada.Health Canada would like to remind consumers to report any health or safety incidents related to the use of this product or any other consumer product or cosmetic by filling out the Consumer Product Incident Report Form.This recall is also posted on the OECD Global Portal on Product Recalls website. You can visit this site for more information on other international consumer product recalls.",Chemicals,,2023-09-28,0
74349,STAX Insane Magnetic Building Blocks recalled due to ingestion hazard,https://recalls-rappels.canada.ca/en/alert-recall/stax-insane-magnetic-building-blocks-recalled-due-ingestion-hazard,Consumer product safety,STAX Insane Magnetic Building Blocks by On Trend Goods.,Ingestion hazard,"Consumers should&nbsp;immediately stop using the recalled product and&nbsp;return it to the retailer where it was purchased from in Canada.For more information, consumers can contact Zibbers Inc. by telephone at 1-800-642-0902 from 9:00 am to 5:00 pm EST. Please note that the Canada Consumer Product Safety Act prohibits recalled products from being redistributed, sold or even given away in Canada.Health Canada would like to remind consumers to report any health or safety incidents related to the use of this product or any other consumer product or cosmetic by filling out the Consumer Product Incident Report Form.This recall is also posted on the OECD Global Portal on Product Recalls website. You can visit this site for more information on other international consumer product recalls.",Toys and games,,2023-09-27,0
